9784785300012,,,
9784785300029,,,
9784785300036,,,
9784785300043,,,
9784785300050,,,
9784785300067,,,
9784785300074,,,
9784785300081,,,
9784785300098,,,
9784785306014,C3041,微分積分学　★,矢野健太郎 著
9784785306021,C3058,電気伝導の基礎と材料　《先端材料シリーズ》　★,日本材料科学会 編
9784785306038,C0045,はじめての えころじい　★,藤井宏一 編
9784785306045,C3043,物性化学　《基礎化学選書10》　★,松永義夫 著
9784785306052,C3045,形態形成の原理　《基礎生物学選書6》　★,中沢信午 著
9784785306069,C3040,実用的な 科学論文の書き方　★,田中　潔 著
9784785306076,C0045,お茶はなぜ体によいのか　《ポピュラー・サイエンス》　★,黒田行昭・原　征彦 共著
9784785306083,C3040,植物遺伝育種学　★,武田和義 著
9784785306090,C3041,解析学序説 上（新版）　★,一松　信 著
9784785306106,C3041,解析学序説 下（新版）　★,一松　信 著
9784785306113,C3043,化学のための 初めてのシュレーデンインガー方程式　《化学サポートシリーズ》　★,藤川高志 著
9784785306120,C3042,物理学のすすめ 熱力学とは何か　★,和田正信 著
9784785306137,C3043,無機化学　★,梅本喜三郎 著
9784785306144,C3042,大学演習 一般物理学　★,和田正信 著
9784785306151,C3044,鉱物学概論　★,秋月瑞彦 著
9784785306168,C3044,活動する宇宙　★,柴田・福江・松元・嶺重 共編
9784785306175,C3043,化学の目でみる 地球の環境（改訂版）　★,北野　康 著
9784785306182,C3043,有機反応機構（改訂版）　《基礎化学選書5》　★,右田俊彦・永井洋一郎 共著
9784785310011,C3041,初等微分積分学（新訂版）,渡辺孫一郎 著
9784785310028,C3041,初等解析學,渡辺孫一郎 著
9784785310035,C3041,教養の数学,矢野健太郎 著
9784785310042,C3041,行動科学者のための 基礎数学,矢野健太郎・茂木　勇 共著
9784785310059,C3041,科学技術者のための 基礎数学　　（→ 新版）,矢野健太郎・石原　繁 共著
9784785310066,C3041,微分積分学,矢野健太郎・石原　繁 共著
9784785310073,C3041,線形代数,矢野健太郎・石原　繁 共著
9784785310080,C3041,数学通論（改訂版）,矢野健太郎 著
9784785310097,C3041,微分積分学　　（→ オンデマンド版）,矢野健太郎 著
9784785310103,C3041,代数学と幾何学,矢野健太郎 著
9784785310110,C3041,微分方程式,矢野健太郎 著
9784785310127,C3041,解析学概論　　（→ 新版）,矢野健太郎・石原　繁 共著
9784785310134,C3041,線形代数要論,矢野健太郎・石原　繁 共著
9784785310141,C3041,微分方程式を中心とした 微分積分学,一松　信 著
9784785310158,C3041,解析学序説 上　　（→ 新版）,一松　信 著
9784785310165,C3041,解析学序説 下　　（→ 新版）,一松　信 著
9784785310172,C3041,基礎課程 微分積分学,彌永・亀谷・田村 共著
9784785310189,C3041,基礎課程 数理統計(新版）,河田敬義・丸山文行 共著
9784785310196,C3041,演算子法　上巻　　（→ 新版）,ミクシンスキー 著
9784785310202,C3041,演算子法　下巻　　（→ 新版）,ミクシンスキー 著
9784785310219,C3041,論理設計概論,高須　達 著
9784785310226,C3041,函数論　上巻,竹内端三 著
9784785310233,C3041,函数論　下巻,竹内端三 著
9784785310240,C3041,微分積分学（改訂版）,矢野健太郎 著
9784785310257,C3041,線形代数概論,矢野健太郎・石原　繁 共著
9784785310264,C3041,工科系のための 微分積分学　　（→ 新版）,平野鉄太郎・田中尚夫 共著
9784785310271,C3041,工科系のための 線形代数,安藤四郎・駒木悠二 共著
9784785310288,C3041,社会科学者のための 基礎数学　　（→ 改訂版）,矢野健太郎・田代嘉宏 共著
9784785310295,C3041,基礎 解析学　　（→ 改訂版）,矢野健太郎・石原　繁 共著
9784785310301,C3041,解析学序説 上（新版）　　（→ オンデマンド版）,一松　信 著
9784785310318,C3041,解析学序説 下（新版）　　（→ オンデマンド版）,一松　信 著
9784785310325,C3041,解析学概論（新版）,矢野健太郎・石原　繁 共著
9784785310332,C3041,確率と統計,田代嘉宏 著
9784785310349,C3041,線形代数学,岩堀長慶 編
9784785310356,C3041,科学技術者のための 基礎数学（新版）,矢野健太郎・石原　繁 共著
9784785310363,C3041,基礎の数学　　（→ 改訂版）,矢野健太郎・石原　繁 編
9784785310370,C3041,代数・幾何,矢野健太郎・石原　繁 編
9784785310387,C3041,リー代数と素粒子論,竹内外史 著
9784785310394,C3041,微分積分学,岩堀長慶 編
9784785310417,C3041,ラプラス変換とその応用,田代嘉宏 著
9784785310424,C3041,初等関数論　　（→ 改訂版）,林　一道 著
9784785310431,C3041,数理現象解析のための プログラム計算入門,山田明雄 著
9784785310448,C3041,演算子法　上巻（新版）,ミクシンスキー 著
9784785310455,C3041,演算子法　下巻（新版）,ミクシンスキー 著
9784785310462,C3041,ベクトル解析,石原　繁 著
9784785310479,C3041,常微分方程式,藤本淳夫 著
9784785310486,C3041,工科系のための 微分積分学（新版）,平野鉄太郎・田中尚夫 共著
9784785310493,C3041,初等 微分積分学　　（→ 改訂版）,田代嘉宏 著
9784785310509,C3041,数論序説,小野　孝 著
9784785310523,C3041,教養課程 微分積分,尾崎康弘 著
9784785310530,C3041,線形代数入門,内田・高木・劔持・浦川 共著
9784785310547,C3041,微分積分学入門,岡安・吉野・高橋・武元 共著
9784785310554,C3041,数学概説,前原昭二 著
9784785310561,C3041,解析学要論（I）,山本　稔・坂田定久 共著
9784785310578,C3041,解析学要論（II）,魚崎勝司・石井博昭 共著
9784785310585,C3041,接続の微分幾何とゲージ理論,小林昭七 著
9784785310592,C3041,基礎の数学（改訂版）,矢野健太郎・石原　繁 編
9784785310615,C3041,問題集 基礎の数学,矢野健太郎・石原　繁 編
9784785310622,C3041,線形代数（改訂改題）,矢野健太郎・石原　繁 編
9784785310639,C3041,基礎 線形代数,茂木　勇・横手一郎 共著
9784785310646,C3041,変分法と調和写像,浦川　肇 著
9784785310653,C3041,問題集 線形代数,矢野健太郎・石原　繁 編
9784785310660,C3041,基礎 数学通論,麻生・大野・鈴木・中村 共著
9784785310677,C3000,ＡＩテクノロジー,Alan Bundy 編
9784785310684,C3041,テンソル ―科学技術のために―,石原　繁 著
9784785310691,C3041,一般力学系と場の幾何学,大森英樹 著
9784785310714,C3041,微分積分（改訂版）,矢野健太郎・石原　繁 編
9784785310721,C3041,線形代数演習,内田・高木・劔持・浦川 共著
9784785310738,C3041,微分積分演習,岡安・吉野・高橋・武元 共著
9784785310745,C3041,初等 関数論（改訂版）,林　一道 著
9784785310752,C3041,統計学入門,稲垣・山根・吉田 共著
9784785310769,C3041,複素解析へのアプローチ,山本　稔・坂田定久 共著
9784785310776,C3042,パーコレーションの科学,小田垣孝 著
9784785310783,C3041,数学概論 －線形代数／微分積分－,田代嘉宏 著
9784785310790,C3041,基礎 解析学（改訂版）,矢野健太郎・石原　繁 共著
9784785310806,C3041,微分方程式,長瀬道弘 著
9784785310813,C3041,社会科学者のための 基礎数学（改訂版）,矢野健太郎・田代嘉宏 共著
9784785310820,C3041,アファイン微分幾何学,野水克己・佐々木武 共著
9784785310837,C3041,擬微分作用素,新開謙三 著
9784785310844,C3041,社会科学の数理 ファジィ理論入門,中島・竹田・石井 共著
9784785310851,C3041,線形代数通論,内田伏一・浦川　肇 共著
9784785310868,C3041,基礎解析学コース 微分方程式,矢野健太郎・石原　繁 共著
9784785310875,C3041,理工系の基礎 微分積分　　（→ 増補版）,石原　繁・浅野重初 共著
9784785310882,C3041,Lotus1-2-3による パソコン演習,富田健弘・龍田建次 共著
9784785310899,C3041,基礎解析学コース 複素解析,矢野健太郎・石原　繁 共著
9784785310905,C3041,確率統計の数理,石井・塩出・新森 共著
9784785310912,C3041,曲線と曲面の微分幾何（改訂版）,小林昭七 著
9784785310929,C3041,基礎数学外説,赤井　逸 著
9784785310936,C3041,理工系の基礎 線形代数,石原　繁・浅野重初 共著
9784785310943,C3041,基礎解析学コース ベクトル解析,矢野健太郎・石原　繁 共著
9784785310950,C3041,初等 微分積分学（改訂版）,田代嘉宏 著
9784785310967,C3041,証明論と計算量,竹内外史 著
9784785310974,C3041,基礎解析学コース 応用解析,矢野健太郎・石原　繁 共著
9784785310981,C3041,ラプラス作用素とネットワーク,浦川　肇 著
9784785310998,C3041,新統計入門,小寺平治 著
9784785311001,C3041,微分積分通論,内田伏一・仲田正躬 共著
9784785311018,C3041,積分　《基礎数学選書1》,石原　繁 著
9784785311025,C3041,平面解析幾何学　《基礎数学選書2》,矢野健太郎 著
9784785311032,C3041,微分　《基礎数学選書3》,茂木　勇 著
9784785311049,C3041,立体解析幾何学　《基礎数学選書4》,矢野健太郎 著
9784785311056,C3041,群と位相　《基礎数学選書5》,横田一郎 著
9784785311063,C3041,線形空間　《基礎数学選書6》,柴岡泰光 著
9784785311070,C3041,初等幾何学　《基礎数学選書7》,清宮俊雄 著
9784785311087,C3041,待ち行列　《基礎数学選書8》,鈴木武次 著
9784785311094,C3041,ベクトル解析　《基礎数学選書9》,武藤義夫 著
9784785311100,C3041,群と表現　《基礎数学選書10》,横田一郎 著
9784785311117,C3041,座標　《基礎数学選書11》,栗田　稔 著
9784785311124,C3041,線形代数の基礎（上）　《基礎数学選書12A》,野水克己 著
9784785311131,C3041,線形代数の基礎（下）　《基礎数学選書12B》,野水克己 著
9784785311148,C3041,代数的整数論入門（上）　《基礎数学選書13A》,藤崎源二郎 著
9784785311155,C3041,代数的整数論入門（下）　《基礎数学選書13B》,藤崎源二郎 著
9784785311162,C3041,計量微分幾何　《基礎数学選書14》,松本　誠 著
9784785311179,C3041,現代数学と数学教育　《基礎数学選書15》,森　　毅 著
9784785311186,C3041,確率論入門　《基礎数学選書16》,志村利雄 著
9784785311209,C3041,数字と数学記号の歴史　《基礎数学選書18》,大矢真一・片野善一郎 共著
9784785311216,C3041,常微分方程式　《基礎数学選書19》,鈴木七重 著
9784785311223,C3041,いろいろな曲線と曲面　《基礎数学選書20》,佐藤伊助 著
9784785311230,C3041,行列特論　《基礎数学選書21》,草場公邦 著
9784785311247,C3041,複素数と関数　《基礎数学選書22》,安岡善則 著
9784785311254,C3041,テンソル解析　《基礎数学選書23》,田代嘉宏 著
9784785311261,C3041,線形代数と量子力学　《基礎数学選書24》,竹内外史 著
9784785311278,C3041,現代微分幾何入門　《基礎数学選書25》,野水克己 著
9784785311285,C3041,有限置換群　《基礎数学選書26》,大山　豪 著
9784785312015,C3041,微分方程式　《演習数学選書》,矢野健太郎・石原　繁 共著
9784785312022,C3041,微分　《演習数学選書》,矢野健太郎・石原　繁 共著
9784785312039,C3041,関数論　《演習数学選書》,武藤義夫 著
9784785312046,C3041,ベクトル解析　《演習数学選書》,沢木澄男 著
9784785312053,C3041,積分　《演習数学選書》,矢野健太郎・石原　繁 共著
9784785312060,C3041,微分幾何　《演習数学選書》,沢木澄男 著
9784785312077,C3041,線形代数　《演習数学選書》,矢野健太郎・石原　繁 共著
9784785313012,C3041,線型代数学　《数学選書1》,佐武一郎 著
9784785313029,C3041,ベクトル解析　《数学選書2》,岩堀長慶 著
9784785313043,C3041,ルベーグ積分入門　《数学選書4》,伊藤清三 著
9784785313050,C3041,多様体入門　《数学選書5》,松島与三 著
9784785313074,C3041,解析関数（新版）　《数学選書3》,田村二郎 著
9784785313081,C3041,幾何概論　《数学選書7》,村上信吾 著
9784785313098,C3041,可換体論（新版）　《数学選書6》,永田雅宜 著
9784785313104,C3041,有限群の表現　《数学選書8》,永尾　汎・津島行男 共著
9784785313111,C3041,代数概論　《数学選書9》,森田康夫 著
9784785313128,C3041,代数幾何学　《数学選書10》,宮西正宜 著
9784785313135,C3041,リーマン幾何学　《数学選書11》,酒井　隆 著
9784785313142,C3041,複素解析概論　《数学選書12》,野口潤次郎 著
9784785313159,C3041,偏微分方程式論入門　《数学選書13》,井川　満 著
9784785314019,C3041,集合と位相　《数学シリーズ》,内田伏一 著
9784785314026,C3041,代数入門　《数学シリーズ》,堀田良之 著
9784785314033,C3041,常微分方程式　《数学シリーズ》,島倉紀夫 著
9784785314040,C3041,位相幾何学　《数学シリーズ》,加藤十吉 著
9784785314057,C3041,多変数の微分積分　《数学シリーズ》,大森英樹 著
9784785314064,C3041,数理統計学　《数学シリーズ》　　（→ 改訂版）,稲垣宣生 著
9784785314071,C3041,関数解析　《数学シリーズ》,増田久弥 著
9784785314088,C3041,微分積分学　《数学シリーズ》,難波　誠 著
9784785314095,C3041,測度と積分　《数学シリーズ》,折原明夫 著
9784785314101,C3041,確率論　《数学シリーズ》,福島正俊 著
9784785314118,C3041,数理統計学（改訂版）　《数学シリーズ》,稲垣宣生 著
9784785315016,C3041,線形代数の基礎,茂木　勇・横手一郎 共著
9784785315023,C3041,応用解析セミナー 微分方程式,垣田高夫 著
9784785315030,C3041,位相入門,内田伏一 著
9784785315047,C3041,情報の数理 応用代数学,平松豊一 著
9784785315054,C3041,情報の数理 計算論理入門,平松豊一 著
9784785315061,C3041,フーリエ解析へのアプローチ,長瀬道弘・齋藤誠慈 共著
9784785315078,C3041,基礎数学ポプリー（改訂改題）,小寺平治 著
9784785315085,C3041,理工系の基礎 微分積分（増補版）,石原　繁・浅野重初 共著
9784785315092,C3041,解析入門,浦川　肇 著
9784785315108,C3041,数学へのアプローチ（改訂版） －線形代数編－,八木克巳 著
9784785315115,C3041,数学へのアプローチ（改訂版） －微分積分編－,八木克巳 著
9784785315122,C3041,基礎 微分積分,茂木勇・横手一郎 共著
9784785315139,C3041,理工系のための 線形代数,長坂建二・駒木悠二 共著
9784785315146,C3041,応用解析セミナー 数値計算,大石進一 著
9784785315153,C3041,物理数学コース 常微分方程式,渋谷仙吉・内田伏一 共著
9784785315160,C3041,円の数学,小林昭七 著
9784785315177,C3041,大学数学の基礎,石原　繁 著
9784785315184,C3041,理工系入門 微分積分,石原　繁・浅野重初 共著
9784785315191,C3041,微分法＆積分法,江尻典雄・三宅正武 共著
9784785315207,C3041,可積分系の応用数理,中村佳正 編
9784785315214,C3041,微分積分読本 －１変数－,小林昭七 著
9784785315221,C3041,線形代数概説,内田伏一・浦川肇 共著
9784785315238,C3041,リー代数入門,佐藤　肇 著
9784785315245,C3041,物理数学コース 偏微分方程式,渋谷仙吉・内田伏一 共著
9784785315252,C3041,統計学の基礎,栗栖・濱田・稲垣 共著
9784785315269,C3041,続 微分積分読本 －多変数－,小林昭七 著
9784785315276,C3041,物理数学コース フーリエ解析,井町昌弘・内田伏一 共著
9784785315283,C3041,位相幾何入門,小宮克弘 著
9784785315290,C3041,ヘッセ幾何学,志磨裕彦 著
9784785315306,C3041,数の体系と超準モデル,田中一之 著
9784785315313,C3041,曲線と曲面,梅原雅顕・山田光太郎 共著
9784785315320,C3041,標準 微分積分,高木・渚・東條 共著
9784785315337,C3041,数学用語と記号ものがたり,片野善一郎 著
9784785315344,C3042,分子シミュレーション,上田　顯 著
9784785315351,C3041,微分積分入門,山形大学数理科学科 編
9784785315368,C3041,理工系の数理 微分積分＋微分方程式,川野・薩摩・四ツ谷 共著
9784785315375,C3041,物理数学コース 複素解析,高橋良雄・内田伏一 共著
9784785315382,C3041,素顔の数学者たち,片野善一郎 著
9784785315399,C3041,数をとらえ直す,柳原弘志・織田　進 共著
9784785315405,C3041,理工系のための 微分積分,池山　保・平松豊一 共著
9784785315412,C3041,大人の初等数学,片野善一郎 著
9784785315429,C3041,常微分方程式とラプラス変換,齋藤誠慈 著
9784785315436,C3041,入門講義 微分積分,吉村善一・岩下弘一 共著
9784785315443,C3041,リメディアル 線形代数,桑村雅隆 著
9784785315450,C3041,データ科学の数理　統計学講義,稲垣・吉田・山根・地道 共著
9784785315467,C3041,例と図で学べる 微分積分,水本久夫 著
9784785315474,C3041,理工系の数理 フーリエ解析＋偏微分方程式,藤原毅夫・栄 伸一郎 共著
9784785315481,C3041,入門講義 線形代数,足立俊明・山岸正和 共著
9784785315498,C3041,徹底的に微分積分がわかる 数学指南,志村史夫 著
9784785315504,C3041,微分積分入門,桑村雅隆 著
9784785315511,C3041,理工系の数理 線形代数,永井敏隆・永井　敦 共著
9784785315528,C3041,微分積分講義,南　和彦 著
9784785315535,C3041,リメディアル 大学の基礎数学,小寺平治 著
9784785315542,C3041,問題集 微分積分,矢野健太郎・石原　繁 編
9784785315559,C3041,代数学１,宮西正宜 著
9784785315566,C3041,基礎数学,小澤善隆 編集
9784785315573,C3041,代数学２,宮西正宜 著
9784785315580,C3041,基礎から学べる 線形代数,船橋昭一・中馬悟朗 共著
9784785315597,C3041,理工系の数理 複素解析,谷口健二・時弘哲治 共著
9784785315603,C3041,理工系の数理 数値計算,柳田英二・中木達幸・三村昌泰 共著
9784785315610,C3033,経済・経営のための 数学教室,小林道正 著
9784785315627,C3041,大学初年級でマスターしたい 物理と工学の ベーシック数学,河辺哲次 著
9784785320010,C3042,物理学　　（→ 三訂版）,小出昭一郎 著
9784785320027,C3042,基礎物理学（上）,金原寿郎 編
9784785320034,C3042,基礎物理学（下）,金原寿郎 編
9784785320041,C3042,物理学（上）（新訂版）,寺沢寛一 著
9784785320058,C3042,物理学（下）（新訂版）,寺沢寛一 著
9784785320065,C3042,物理学概説（上）（改訂版）,小谷正雄 編
9784785320072,C3042,物理学概説（下）（改訂版）,小谷正雄 編
9784785320089,C3042,医学・生物学のための 基礎物理学（新版）,高橋秀俊 編
9784785320096,C3042,工科系のための 基礎物理学,竹内　均 著
9784785320102,C3042,初等力学（新版）,寺沢寛一 著
9784785320119,C3042,力学（I）,原島　鮮 著
9784785320126,C3042,力学（II）,原島　鮮 著
9784785320133,C3042,力学（改訂版）　　（→ 三訂版）,原島　鮮 著
9784785320140,C3042,初等量子力学　　（→ 改訂版）,原島　鮮 著
9784785320157,C3042,物性論概説（増補版）,原島　鮮 著
9784785320164,C3042,初等物理学,原島　鮮 著
9784785320171,C3042,物理概論 上,小出・兵藤・阿部 共著
9784785320188,C3042,物理概論 下,小出・兵藤・阿部 共著
9784785320195,C3042,物理学（改訂版）　　（→ 三訂版）,小出昭一郎 著
9784785320201,C3042,力学（三訂版）,原島　鮮 著
9784785320218,C3042,一般教養 物理,柳瀬　章 著
9784785320225,C3042,初等量子力学（改訂版）,原島　鮮 著
9784785320232,C3042,電磁気学,松山定彦 著
9784785320249,C3042,理・工基礎 力学,瓜生典清 著
9784785320256,C3042,固体物理学,花村榮一 著
9784785320263,C3042,電磁気学,中山正敏 著
9784785320270,C3042,理・工基礎 解析学,田辺行人・大高一雄 共著
9784785320287,C3042,物理実験入門,小田幸康・大石和男 共著
9784785320294,C3042,理・工基礎 量子力学,瓜生典清 著
9784785320300,C3042,現代力学,武田　暁 著
9784785320317,C3042,物理のための 応用数学,小野寺嘉孝 著
9784785320324,C3042,理・工基礎 解析力学,田辺行人・品田正樹 共著
9784785320331,C3042,教養の物理,宮垣盛男 著
9784785320348,C3042,物質科学の基礎 物性物理学,溝口　正 著
9784785320355,C3042,熱力学,三宅　哲 著
9784785320362,C3042,パーソナルコンピュータを用いた 量子力学入門　　（→ 修訂版）,桜井捷海 著
9784785320379,C3042,統計熱物理学,藤田重次 著
9784785320386,C3042,量子統計物理学,藤田重次 著
9784785320393,C3042,理工 基礎物理学,浦上澤之 編著
9784785320409,C3042,パーソナルコンピューターを用いた 量子力学入門（修訂版）,桜井捷海 著
9784785320416,C3042,エネルギー変換　　（→ 増補版）,田沼静一 著
9784785320423,C3042,コンピュータで学ぶ 物理のための応用数学,小野寺嘉孝 著
9784785320430,C3042,コンピュータで学ぶ 量子力学［基礎編］,桜井捷海 著
9784785320447,C3042,コンピュータで学ぶ 量子力学［応用編］,桜井捷海 著
9784785320454,C3042,振動と波,長岡洋介 著
9784785320461,C3042,量子力学入門,阿武聰信 著
9784785320478,C3042,基礎の物理,大石和男・丹生慶四郎 共著
9784785320485,C3042,基礎量子力学／演習,小野寺嘉孝 著
9784785320492,C3042,物理科学への招待,武田　暁 著
9784785320508,C3042,中級 パソコン操縦法,岩本文明 著
9784785320515,C3042,固体物理 －電気伝導・半導体（修訂版）,作道恒太郎 著
9784785320522,C3042,固体物理 －格子振動・誘電体（修訂版）,作道恒太郎 著
9784785320539,C3042,固体物理 －磁性・超伝導（修訂版）,作道恒太郎 著
9784785320546,C3042,力学,近藤　淳 著
9784785320553,C3042,エネルギー変換（増補版）,田沼静一 著
9784785320560,C3042,高分子の物理学,田中文彦 著
9784785320577,C3042,数値計算による 量子力学,桜井捷海 著
9784785320584,C3042,力学入門,矢ヶ崎克馬 著
9784785320591,C3042,初等力学,甲木伸一 著
9784785320607,C3042,熱統計力学,阿部龍蔵 著
9784785320614,C3044,地球 －その誕生と現在－,上山　弘 著
9784785320621,C3042,固体電子論,金持　徹 著
9784785320638,C3042,流体力学,神部　勉 編著
9784785320645,C3042,物理学へのガイド,田辺行人・塚田昌甫 共著
9784785320652,C3042,物理学のすすめ 力学とは何か,和田正信 著
9784785320669,C3042,物理学のすすめ 電磁気学とは何か,和田正信 著
9784785320676,C3042,物理学実験,野木・高野・植松・Broadhurst 編
9784785320683,C3042,力学の基礎,橋本正章・荒井賢三 共著
9784785320690,C3042,物理学のすすめ 熱力学とは何か　　（→ オンデマンド版）,和田正信 著
9784785320706,C3042,物理学のすすめ 現代物理学とは何か,和田正信 著
9784785320713,C3042,光物性入門,小林浩一 著
9784785320720,C3042,量子力学 －基礎と物性－,岸野正剛 著
9784785320737,C3042,測定論ノート,大澤敏彦 著
9784785320744,C3042,物理学（三訂版）,小出昭一郎 著
9784785320751,C3042,力学　物理学［分冊版］,小出昭一郎 著
9784785320768,C3042,波･光･熱　物理学［分冊版］,小出昭一郎 著
9784785320775,C3042,電磁気学　物理学［分冊版］,小出昭一郎 著
9784785320782,C3042,基礎電磁気学,中山正敏 著
9784785320799,C3042,物理学のすすめ 物理数学とは何か,和田正信・中川公子 共著
9784785320805,C3042,量子力学・統計力学入門,星野公三・岩松雅夫 共著
9784785320812,C3042,力学　《裳華房テキストシリーズ - 物理学》,川村　清 著
9784785320829,C3042,熱力学　《裳華房テキストシリーズ - 物理学》,小野嘉之 著
9784785320836,C3042,現代物理学　《裳華房テキストシリーズ - 物理学》,原　康夫 著
9784785320843,C3042,基礎力学,中山正敏 著
9784785320850,C3042,スタンダード 電磁気学,高重正明 著
9784785320867,C3042,非平衡統計力学　《裳華房テキストシリーズ - 物理学》,香取眞理 著
9784785320874,C3042,物理数学　《裳華房テキストシリーズ - 物理学》,松下　貢 著
9784785320881,C3042,振動・波動　《裳華房テキストシリーズ - 物理学》,小形正男 著
9784785320898,C3042,電磁気学　《裳華房テキストシリーズ - 物理学》,兵頭俊夫 著
9784785320904,C3042,解析力学　《裳華房テキストシリーズ - 物理学》,宮下精二 著
9784785320911,C3042,基礎科学のための 数学的手法,小田垣孝 著
9784785320928,C3042,非平衡系の物理学,太田隆夫 著
9784785320935,C3042,量子光学　《裳華房テキストシリーズ - 物理学》,松岡正浩 著
9784785320942,C3042,原子核物理学　《裳華房テキストシリーズ - 物理学》,永江知文・永宮正治 共著
9784785320959,C3042,統計力学　《裳華房テキストシリーズ - 物理学》,岡部　豊 著
9784785320966,C3042,物理入門,浦尾亮一 著
9784785320973,C3042,相対性理論　《裳華房テキストシリーズ - 物理学》,窪田高弘・佐々木隆 共著
9784785320980,C3042,電磁気学 －SI UNITS－,溝口　正 著
9784785320997,C3042,力学（I）　《裳華房フィジックスライブラリー》,高木隆司 著
9784785321000,C3042,力学（II）　《裳華房フィジックスライブラリー》,高木隆司 著
9784785321017,C3042,質点の力学　《基礎物理学選書1》　　（→ 改訂版）,原島　鮮 著
9784785321024,C3042,量子論　《基礎物理学選書2》　　（→ 改訂版）,小出昭一郎 著
9784785321031,C3042,質点系・剛体の力学　《基礎物理学選書3》　　（→ 改訂版）,原島　鮮 著
9784785321048,C3042,音と音波　《基礎物理学選書4》,小橋　豊 著
9784785321055,C3042,量子力学（I）　《基礎物理学選書5A》　　（→ 改訂版）,小出昭一郎 著
9784785321062,C3042,量子力学（II）　《基礎物理学選書5B》　　（→ 改訂版）,小出昭一郎 著
9784785321079,C3042,粒子性・波動性　《基礎物理学選書6》,井田幸次郎 著
9784785321086,C3042,熱力学　《基礎物理学選書7》,押田勇雄・藤城敏幸 共著
9784785321093,C3042,振動・波動　《基礎物理学選書8》,有山正孝 著
9784785321109,C3042,物性論　《基礎物理学選書9》,黒沢達美 著
9784785321116,C3042,統計力学　《基礎物理学選書10》　　（→ 改訂版）,市村　浩 著
9784785321123,C3042,地球の物理　《基礎物理学選書11》,島津康男 著
9784785321130,C3042,電磁気学（I）　《基礎物理学選書12A》,金原寿郎 著
9784785321147,C3042,電磁気学（II）　《基礎物理学選書12B》,金原寿郎 著
9784785321154,C3042,原子核　《基礎物理学選書13》,野上茂吉郎 著
9784785321161,C3042,物理数学　《基礎物理学選書14》,押田勇雄 著
9784785321178,C3042,情報理論　《基礎物理学選書15》　　（→ 改訂版）,佐藤　洋 著
9784785321185,C3042,電磁気学の基礎　《基礎物理学選書16》,熊谷寛夫 著
9784785321192,C3042,量子力学演習　《基礎物理学選書17》,小出昭一郎・水野幸夫 共著
9784785321208,C3042,熱学演習 －熱力学　《基礎物理学選書18》,原島　鮮 著
9784785321215,C3042,熱学演習 －統計力学　《基礎物理学選書19》　　（→ 改訂版）,市村　浩 著
9784785321222,C3042,物理数学演習　《基礎物理学選書20》,押田勇雄 編
9784785321239,C3042,電磁気学演習　《基礎物理学選書21》,小出・水橋・荻原 共著
9784785321246,C3042,力学演習　《基礎物理学選書22》,野上茂吉郎 著
9784785321253,C3042,光学　《基礎物理学選書23》,石黒浩三 著
9784785321260,C3042,情報理論（改訂版）　《基礎物理学選書15》,佐藤　洋 著
9784785321277,C3042,質点の力学（改訂版）　《基礎物理学選書1》,原島　鮮 著
9784785321284,C3042,質点系・剛体の力学（改訂版）　《基礎物理学選書3》,原島　鮮 著
9784785321291,C3042,振動・波動演習　《基礎物理学選書24》,有山・品田・林 共著
9784785321307,C3042,素粒子　《基礎物理学選書25》,武田　暁 著
9784785321314,C3042,量子論（改訂版）　《基礎物理学選書2》,小出昭一郎 著
9784785321321,C3042,量子力学（I）（改訂版）　《基礎物理学選書5A》,小出昭一郎 著
9784785321338,C3042,量子力学（II）（改訂版）　《基礎物理学選書5B》,小出昭一郎 著
9784785321345,C3042,統計力学（改訂版）　《基礎物理学選書10》,市村　浩 著
9784785321352,C3042,熱学演習 －統計力学（改訂版）　《基礎物理学選書19》,市村　浩 著
9784785321369,C3042,熱力学（改訂版）　《基礎物理学選書7》,押田勇雄・藤城敏幸 共著
9784785321376,C3042,連続体の力学　《基礎物理学選書26》,佐野　理 著
9784785321383,C3042,物性論（改訂版）　《基礎物理学選書9》,黒沢達美 著
9784785321390,C3042,相対性理論　《基礎物理学選書27》,江沢　洋 著
9784785322014,C3042,物理数学（I）　《裳華房フィジックスライブラリー》,中山恒義 著
9784785322021,C3042,物理数学（II）　《裳華房フィジックスライブラリー》,中山恒義 著
9784785322038,C3042,電磁気学（Ｉ）　《裳華房フィジックスライブラリー》,原　康夫 著
9784785322045,C3042,電磁気学（II）　《裳華房フィジックスライブラリー》,原　康夫 著
9784785322052,C3042,解析力学　《裳華房フィジックスライブラリー》,久保謙一 著
9784785322069,C3042,量子力学（I）,江沢　洋 著
9784785322076,C3042,量子力学（II）,江沢　洋 著
9784785322083,C3042,フラクタルの物理（I）　《裳華房フィジックスライブラリー》,松下　貢 著
9784785322090,C3042,エネルギーと電磁場　《裳華房テキストシリーズ - 物理学》,阿部龍蔵 著
9784785322106,C3042,固体物理学　《裳華房テキストシリーズ - 物理学》,鹿児島誠一 著
9784785322113,C3042,演習で学ぶ 量子力学　《裳華房フィジックスライブラリー》,小野寺嘉孝 著
9784785322120,C3042,場の量子論　《裳華房フィジックスライブラリー》,坂井典佑 著
9784785322137,C3042,結晶成長　《裳華房フィジックスライブラリー》,齋藤幸夫 著
9784785322144,C3042,固体物理学,岡崎　誠 著
9784785322151,C3042,工科系 電磁気学,白鳥世明・二瓶栄輔 共著
9784785322168,C3042,工科系 量子力学,椎木一夫 著
9784785322175,C3042,工科系 物性工学,武藤準一郎 著
9784785322182,C3042,大学の物理　《裳華房フィジックスライブラリー》,木下紀正 著
9784785322199,C3042,素粒子物理学　《裳華房テキストシリーズ - 物理学》,原　康夫 著
9784785322205,C3042,統計力学,小田垣孝 著
9784785322212,C3042,フラクタルの物理（II）　《裳華房フィジックスライブラリー》,松下　貢 著
9784785322229,C3042,環境物理学　《裳華房フィジックスライブラリー》,中川・蛯名・伊藤 共著
9784785322236,C3042,電磁気学入門,岡崎　誠 著
9784785322243,C3042,スタンダード 力学,河辺哲次 著
9784785322250,C3042,工科系のための 現代物理学　《裳華房テキストシリーズ - 物理学》,原　康夫・岡崎　誠 共著
9784785322267,C3042,振動・波動　《裳華房フィジックスライブラリー》,近　桂一郎 著
9784785322274,C3042,物性物理学　《裳華房フィジックスライブラリー》,塚田　捷 著
9784785322281,C3042,熱学の基礎,溝口　正 著
9784785322298,C3042,量子力学　《裳華房テキストシリーズ - 物理学》,小形正男 著
9784785322304,C3042,物理学史　《裳華房フィジックスライブラリー》,小山慶太 著
9784785322311,C3042,初歩の物理,小野文久 著
9784785322328,C3042,物理学講義 熱力学,松下　貢 著
9784785322335,C3042,物性物理学　《裳華房テキストシリーズ - 物理学》,永田一清 著
9784785322342,C3042,非線形物理学　《裳華房フィジックスライブラリー》,十河　清 著
9784785322359,C3042,統計力学　《裳華房フィジックスライブラリー》,香取眞理 著
9784785322366,C3042,理工系の 物理学入門,大成・田村・渡邊 共編
9784785322373,C3042,ベーシック 電磁気学,河辺哲次 著
9784785322380,C3042,専門課程 物理学実験,高野・植松・浅井・Zulkoskey 編
9784785322397,C3042,物理学講義 力学,松下　貢 著
9784785322403,C3042,工科系のための 解析力学,河辺哲次 著
9784785322410,C3042,ベーシック量子論,土屋賢一 著
9784785322427,C3042,基礎からの 量子力学,上村　洸・山本貴博 共著
9784785322434,C3042,大学生のための 力学入門,小宮山 進・竹川　敦 共著
9784785322441,C3054,工学の基礎 電気磁気学,松本　聡 著
9784785322458,C3042,相対論の世界,橋本正章・荒井賢三 共著
9784785322465,C3042,物理学講義 電磁気学,松下　貢 著
9784785323011,C3042,エレクトロニックスの基礎（全訂版）　《物理学選書1》　（→ 新版）,霜田光一・桜井捷海 共著
9784785323028,C3042,高分子物理学　《物理学選書2》,斎藤信彦 著
9784785323035,C3042,電磁気学　《物理学選書3》,高橋秀俊 著
9784785323042,C3042,強磁性体の物理（上）　《物理学選書4》,近角聰信 著
9784785323059,C3042,宇宙線　《物理学選書5》,小田　稔 著
9784785323066,C3042,半導体の理論と応用（上）　《物理学選書6》,植村泰忠･菊池　誠 共著
9784785323073,C3042,放射線計測学　《物理学選書7》,三浦・菅・俣野 共著
9784785323080,C3042,半導体の理論と応用（中）　《物理学選書8》,菊池　誠 著
9784785323097,C3042,素粒子物理学　《物理学選書9》,武田　暁・宮沢弘成 共著
9784785323103,C3042,一般相対性および重力の理論（増補版）　《物理学選書10》,山内・内山・中野 共著
9784785323110,C3042,真空の物理と応用　《物理学選書11》,熊谷・富永・辻・堀越 共著
9784785323127,C3042,磁性体の統計理論　《物理学選書12》,小口武彦 著
9784785323134,C3042,量子エレクトロニクス（上）　《物理学選書13》,霜田光一・矢島達夫 共編
9784785323141,C3042,流体力学（前編）　《物理学選書14》,今井　功 著
9784785323158,C3042,一般相対性理論　《物理学選書15》,内山龍雄 著
9784785323165,C3042,エレクトロニクスの基礎（新版）　《物理学選書1》,霜田光一・桜井捷海 共著
9784785323172,C3042,金属電子論　《物理学選書16》,近藤　淳 著
9784785323189,C3042,応用エレクトロニクス　《物理学選書17》,霜田光一・桜井捷海 共著
9784785323196,C3042,強磁性体の物理（下）　《物理学選書18》,近角聰信 著
9784785323202,C3042,一般相対論的宇宙論　《物理学選書19》,成相秀一・冨田憲二 共著
9784785323219,C3042,散乱理論　《物理学選書20》,笹川辰弥 著
9784785323226,C3042,場の理論　《物理学選書21》,武田　暁 著
9784785323233,C3042,ホログラフィー　《物理学選書22》,辻内順平 著
9784785323240,C3042,重い電子系の物理　《物理学選書23》,上田和夫・大貫惇睦 共著
9784785324018,C3042,地球内部物理学　《物理科学選書1》,島津康男 著
9784785324025,C3042,Χ線結晶解析　《物理科学選書2》,桜井敏雄 著
9784785324032,C3042,衝撃波の化学物理　《物理科学選書3》,倉谷健治・土屋荘次 共著
9784785324049,C3042,配位子場理論とその応用　《物理科学選書4》,上村・菅野・田辺 共著
9784785324056,C3042,宇宙空間物理学　《物理科学選書5》,大林辰蔵 著
9784785324063,C3042,超高層大気の物理学　《物理科学選書6》,永田　武・等松隆夫 共著
9784785324070,C3042,レオロジー　《物理科学選書7》　　（→ 改訂改題）,岡　小天 著
9784785324087,C3042,バイオレオロジー（改訂改題）　《物理科学選書7》,岡　小天 著
9784785325015,C3042,結晶物理工学　《応用物理学選書1》,小川智哉 著
9784785325022,C3042,結晶成長　《応用物理学選書2》,大川章哉 著
9784785325039,C3042,薄膜　《応用物理学選書3》,金原　粲・藤原英夫 共著
9784785325046,C3042,Χ線結晶解析の手引き　《応用物理学選書4》,桜井敏雄 著
9784785325053,C3042,気体の燃焼物理　《応用物理学選書5》,金原寿郎 著
9784785325060,C3042,高分子の電気物性　《応用物理学選書6》,和田八三久 著
9784785325077,C3042,光・電子集積回路の物理　《応用物理学選書7》,松枝秀明 著
9784785325084,C3042,マイクロ加工の物理と応用　《応用物理学選書8》,吉田善一 著
9784785325091,C3042,結晶工学の基礎　《応用物理学選書9》,小川智哉 著
9784785325107,C3042,相対論的量子力学　《量子力学選書》,川村嘉春 著
9784785325114,C3042,場の量子論 －不変性と自由場を中心にして－　《量子力学選書》,坂本眞人 著
9784785326012,C3042,一次元電気伝導体　《物性科学選書》　　（→ 改訂改題）,鹿児島誠一 編著
9784785326029,C3042,電気伝導性酸化物　《物性科学選書》　　（→ 改訂版）,津田・柳瀬・白鳥 共著
9784785326036,C3042,転位のダイナミックスと塑性　《物性科学選書》,中村輝太郎 編著
9784785326043,C3042,電気伝導性酸化物（増補版）　《物性科学選書》　　（→ 改訂版）,津田・柳瀬・白鳥 共著
9784785326050,C3042,強誘電体と構造相転移　《物性科学選書》,中村輝太郎 編著
9784785326067,C3042,電気伝導性酸化物（改訂版）　《物性科学選書》,津田・那須・藤森・白鳥 共著
9784785326074,C3042,化合物磁性 －局在スピン系　《物性科学選書》,安達健五 著
9784785326081,C3042,化合物磁性 －遍歴電子系　《物性科学選書》,安達健五 著
9784785326098,C3042,物性科学入門　《物性科学選書》,近角聰信 著
9784785326104,C3042,低次元導体（改訂改題）　《物性科学選書》,鹿児島誠一 編著
9784785326111,C3042,遍歴電子系の核磁気共鳴　《物性科学選書》,朝山邦輔 著
9784785328016,C3042,応用群論（増補版）,犬井・田辺・小野寺 共著
9784785328023,C3042,物理教育 覚え書き,原島　鮮 著
9784785328030,C3042,続 物理教育 覚え書き,原島　鮮 著
9784785328047,C3042,レーザ計測,大澤敏彦・小保方富夫 共著
9784785328054,C3042,固体スペクトロスコピー,大成誠之助 著
9784785328061,C3042,物性物理／物性化学のための 群論入門,小野寺嘉孝 著
9784785328078,C3042,ゴム弾性［初版復刻版］,久保亮吾 著
9784785328085,C3042,形の科学,武田　暁 著
9784785328092,C3042,原子核物理入門,鷲見義雄 著
9784785328108,C3042,クォーク・レプトン核の世界,江尻宏泰 著
9784785328115,C3042,脳と物理学,武田　暁 著
9784785328122,C3044,活動する宇宙,柴田・福江・松元・嶺重 共編
9784785328139,C3042,分子物理学,田中　皓 著
9784785328146,C3042,アインシュタインとボーア,日本物理学会 編
9784785328153,C3044,宇宙スペクトル博物館＜Ｘ線編＞　見えない星空への招待,粟野・北本・衣笠・田島・福江 作
9784785328160,C3042,生体とエネルギーの物理,日本物理学会 編
9784785328177,C3044,宇宙スペクトル博物館＜電波編＞　宇宙が奏でるハーモニー,粟野・尾林・田島・半田・福江 作
9784785328184,C3042,半導体の科学とその応用,豊田太郎 著
9784785328191,C3044,宇宙スペクトル博物館＜可視光編＞　天空からの虹色の便り,粟野・田島・田鍋・乗本・福江 作
9784785328207,C3044,写真集 太陽,柴田一成・大山真満 共著
9784785328214,C3042,脳とカオス,林　初男 著
9784785328221,C3042,21世紀、物理はどう変わるか,日本物理学会 編
9784785328238,C3042,理工系のための 物理学実験,野木・Broadhurst・高野・植松 編
9784785328245,C3042,ただいま講義中！ 図解 マクスウェル方程式,室岡義広 著
9784785328252,C3042,ソフトマターのための 熱力学,田中文彦 著
9784785328269,C3042,非線形光学入門,服部利明 著
9784785328276,C3042,一般物理学,佐藤文隆・須佐　元 共著
9784785328283,C3042,量子論のエッセンス,松下栄子 著
9784785329013,C3042,金属の物理的性質,日本物理学会 編
9784785329020,C3042,地球科学における諸問題,竹内　均 著
9784785329037,C3042,統計力学の進歩,久保亮五教授還暦記念事業実行委員会 編
9784785329044,C3042,磁性理論の進歩,守谷　亨・金森順次郎 編
9784785329051,C3042,磁性物理学とその応用,石川義和・三浦　登 編
9784785329068,C3042,遍歴電子系の磁性と超伝導,川畑有郷・安岡弘志 編
9784785329075,C3042,ＥＸＡＦＳの基礎,石井忠男 著
9784785329082,C3042,空間群のプログラム,柳瀬　章 著
9784785329099,C3042,ニュートリノと重力波,日本物理学会 編
9784785329105,C3042,高温超伝導の科学,立木　昌・藤田敏三 共著
9784785329112,C3042,物質構造と誘電体入門　《物性科学入門シリーズ》,高重正明 著
9784785329129,C3042,液晶・高分子入門　《物性科学入門シリーズ》,竹添秀男・渡辺順次 共著
9784785329136,C3042,特殊相対性理論の数学的基礎,河合俊治 著
9784785329143,C3042,電子伝導の物理,田沼静一 著
9784785329150,C3042,超伝導入門　《物性科学入門シリーズ》,青木秀夫 著
9784785329167,C3043,クラスター入門,近藤　保・市橋正彦 共著
9784785329174,C3042,結晶欠陥の物理,前田康二・竹内　伸 共著
9784785329181,C3042,磁性入門　《物性科学入門シリーズ》,上田和夫 著
9784785329198,C3042,磁性学入門,白鳥紀一・近 桂一郎 共著
9784785329204,C3055,シリサイド系半導体の科学と技術,前田佳均 編著
9784785330019,C3043,化学の原理通論,林　太郎 著
9784785330033,C3043,化学綜説,林　太郎 著
9784785330040,C3043,化学通論,吉岡甲子郎 著
9784785330057,C3043,教養の化学,津田　栄 著
9784785330064,C3043,基礎無機化学（新版）,津田　栄 著
9784785330088,C3043,物理化学実験法,鮫島實三郎 著
9784785330095,C3043,基礎生化学,寺山　宏 著
9784785330101,C3043,食品化学概論（改訂版）,藤野安彦 著
9784785330118,C3043,教養課程 化学実験（改訂版）,金田一雄 著
9784785330125,C3043,有機化学実験集,都築洋次郎・薩摩林紘子 共著
9784785330132,C3043,構造化学講義資料,島内武彦 著
9784785330156,C3043,栄養生化学,内藤　博 著
9784785330170,C3043,創造の化学,林　太郎 著
9784785330187,C3043,栄養序説,藤野安彦 著
9784785330194,C3043,無機化学概論,大内　昭 著
9784785330200,C3043,化学基要（全訂版）,林　太郎 著
9784785330217,C3043,無機化学の理論と演習（新版）,山口与平・古川利夫 共著
9784785330231,C3043,基礎化学,吉岡甲子郎 著
9784785330248,C3043,大学教養 化学,富田　功 著
9784785330255,C3043,物理化学,前川恒夫 著
9784785330262,C3043,解説 基礎化学,竹清章三郎 著
9784785330279,C3043,化学の世界,吉岡甲子郎 著
9784785330286,C3043,工学部のための 有機化学入門,野崎　一 著
9784785330293,C3043,身のまわりの化学,下沢・田矢・吉田 共著
9784785330309,C3043,高分子化学,今田清久・占部正義 共著
9784785330323,C3043,一般化学,荻野和子 著
9784785330330,C3043,分析化学,黒田・杉谷・渋川 共著
9784785330361,C3043,生活の化学,山崎　昶・會澤敏雄 共著
9784785330378,C3043,教養の化学,上野景平 著
9784785330385,C3043,有機化合物分離法,井上・上原・南後 共著
9784785330392,C3043,有機化学概論,塩田三千夫・福岡久雄 共著
9784785330408,C3043,一般化学（改訂版）　（→三訂版）,長島弘三・富田　功 共著
9784785330415,C3043,環境化学　　（→ 改訂版）,西村雅吉 著
9784785330422,C3043,食生活論,草間正夫 著
9784785330439,C3043,化学の目でみる 地球の環境　（→ 改訂版）,北野　康 著
9784785330446,C3043,無機化学（改訂版）,木田茂夫 著
9784785330453,C3043,初歩からの 有機化学,中山博明・立屋敷哲 共著
9784785330460,C3043,教養としての化学（改訂版）,富田功・目良誠二 共著
9784785330477,C3043,無機生体化学,西田雄三 著
9784785330484,C3043,生物活性天然物の化学合成,森　謙治 著
9784785330491,C3043,天然無機化合物,佐々木信行・綿抜邦彦 共著
9784785330507,C3043,暮らしの化学,国本浩喜 著
9784785330514,C3043,分析化学の基礎,木村　優・中島理一郎 共著
9784785330521,C3043,ナースの化学,中埜・塩田・山崎・中村 共著
9784785330538,C3043,入門 高分子科学,大澤善次郎 著
9784785330545,C3043,生化学,八木達彦・尾形真理 共著
9784785330552,C3043,分かりやすい食生活論,藤野・小机・岸田・長谷川 共著
9784785330569,C3043,炭素・自問自答,大谷杉郎 著
9784785330576,C3043,有機化学（改訂版）　　（→ 三訂版）,小林啓二 著
9784785330583,C3043,無機溶液反応の化学,舟橋重信 著
9784785330590,C3043,環境化学（改訂版）,西村雅吉 著
9784785330606,C3043,機器分析の基礎,江藤守總 編
9784785330613,C3043,化学英語の手引き,大澤善次郎 著
9784785330620,C3043,演習形式で学ぶ やさしい無機化学,前野昌弘 著
9784785330637,C3043,有機工業化学,亀岡弘・井上誠一 共著
9784785330644,C3043,溶媒抽出化学,田中元治・赤岩英夫 共著
9784785330651,C3043,化学熱力学（修訂版）,原田義也 著
9784785330668,C3043,物質の機能を使いこなす,杉森　彰 著
9784785330675,C3043,標準 基礎化学,梅本喜三郎 著
9784785330682,C3043,医療・看護系のための 化学入門,塩田三千夫・山崎　昶 共著
9784785330699,C3043,分析化学（改訂版）,黒田・杉谷・渋川 共著
9784785330705,C3043,Catch Up 大学の化学講義,杉森　彰・富田　功 共著
9784785330712,C3043,化学の目でみる 地球の環境（改訂版）,北野　康 著
9784785330729,C3043,一般化学（三訂版）,長島弘三・富田　功 共著
9784785330736,C3043,量子化学（上巻）,原田義也 著
9784785330743,C3043,量子化学（下巻）,原田義也 著
9784785330750,C3043,ステップアップ 大学の総合化学,齋藤勝裕 著
9784785330767,C3043,ステップアップ 大学の分析化学,齋藤勝裕・藤原　学 共著
9784785330774,C3043,基礎無機化学（改訂版）,一國雅巳 著
9784785330781,C3043,入門 新高分子科学,大澤善次郎 著
9784785330798,C3043,有機化学（三訂版）,小林啓二 著
9784785330804,C3043,ステップアップ 大学の物理化学,齋藤勝裕・林　久夫 共著
9784785330811,C3043,ステップアップ 大学の無機化学,齋藤勝裕・長尾宏隆 共著
9784785330828,C3043,ステップアップ 大学の有機化学,齋藤勝裕 著
9784785330835,C3043,物質の機能からみた 化学入門,杉森　彰 著
9784785330842,C3043,有機分子構造とその決定法,齋藤勝裕 著
9784785330859,C3043,環境・くらし・いのちのための 化学のこころ,伊藤明夫 著
9784785330866,C3042,統計熱力学,原田義也 著
9784785330873,C3043,高分子合成化学（改訂版）,井上祥平 著
9784785330880,C3043,理科教育力を高める 基礎化学,長谷川・國仙・吉永 共著
9784785330897,C3043,光化学,杉森　彰・時田澄男 共著
9784785330903,C3043,演習でクリア フレッシュマン有機化学,小林啓二 著
9784785330910,C3043,メディカル化学,齋藤・太田・山倉・八代・馬場 共著
9784785330927,C3043,化学の基本概念,齋藤太郎 著
9784785330934,C3043,無機化学,長尾宏隆・大山　大 共著
9784785330941,C3043,新・元素と周期律,井口洋夫・井口　眞 共著
9784785330958,C3043,理工系のための 化学入門,井上正之 著
9784785330965,C3043,化学はこんなに役に立つ,山崎　昶 著
9784785330972,C3043,コ・メディカル化学,齋藤勝裕・荒井貞夫・久保勘二 共著
9784785330989,C3043,環境分析化学,中村栄子・酒井忠雄・本水昌二・手嶋紀雄 共著
9784785330996,C3043,結晶化学,大橋裕二 著
9784785331009,C3043,最新の有機化学演習,東郷秀雄 著
9784785331016,C3043,元素と周期律（改訂版）　《基礎化学選書1》,井口洋夫 著
9784785331023,C3043,分析化学　《基礎化学選書2》　（→ 改訂版）,長島弘三・富田　功 共著
9784785331030,C3043,無機化合物　《基礎化学選書3》　（→ 改訂版）,斎藤一夫 著
9784785331047,C3043,官能基の化学　《基礎化学選書4》　（→ 改訂改題）,塩田三千夫 著
9784785331054,C3043,有機反応機構　《基礎化学選書5》　　（→ 改訂版）,右田俊彦・永井洋一郎 共著
9784785331061,C3043,化学反応の 速度と平衡　《基礎化学選書6》,佐藤　弦・玉虫伶太 共著
9784785331078,C3043,機器分析　《基礎化学選書7》　　（→ 三訂版）,田中誠之・飯田芳男 共著
9784785331085,C3043,酸と塩基（改訂版）　《基礎化学選書8》,田中元治 著
9784785331092,C3043,酸化と還元　《基礎化学選書9》,守永健一 著
9784785331108,C3043,物性化学　《基礎化学選書10》　　（→ オンデマンド版）,松永義夫 著
9784785331115,C3043,高分子化学　《基礎化学選書11》,鐸木啓三・斉藤隆英 共著
9784785331122,C3043,量子化学　《基礎化学選書12》,原田義也 著
9784785331139,C3043,構造有機化学　《基礎化学選書13》,中川正澄 著
9784785331146,C3043,分析化学演習　《基礎化学選書14》,長島弘三 編
9784785331153,C3043,核化学と放射化学　《基礎化学選書15》,木越邦彦 著
9784785331160,C3043,官能基の化学（改訂版）　《基礎化学選書4》　（→ 改訂改題）,塩田三千夫 著
9784785331177,C3043,機器分析（改訂版）　《基礎化学選書7》　　（→ 三訂版）,田中誠之・飯田芳男 共著
9784785331184,C3043,有機反応機構（改訂版）　《基礎化学選書5》,右田俊彦・永井洋一郎 共著
9784785331191,C3043,無機化学演習　《基礎化学選書16》,柴田村治 編
9784785331207,C3043,有機機器分析演習　《基礎化学選書17》,柿沢　寛・楠見武徳 共著
9784785331214,C3043,無機化合物（改訂版）　《基礎化学選書3》,斎藤一夫 著
9784785331221,C3043,触媒化学　《基礎化学選書18》,川口信一 著
9784785331238,C3043,分析化学（改訂版）　《基礎化学選書2》,長島弘三・富田　功 共著
9784785331245,C3043,実験有機合成化学　《基礎化学選書19》,右田俊彦 編
9784785331252,C3043,分析化学実験　《基礎化学選書20》,阿部光雄 編
9784785331269,C3043,新工業化学概論　《基礎化学選書21》　　（→ 改訂版）,大谷杉郎 著
9784785331276,C3043,コロイド化学　《基礎化学選書22》,池田勝一 著
9784785331283,C3043,有機化学の基礎（改訂改題）　《基礎化学選書4》,塩田三千夫 著
9784785331290,C3043,化学者のための 電気伝導入門　《基礎化学選書23》,小林浩一 著
9784785331306,C3043,化学熱力学　《基礎化学選書24》,佐野瑞香 著
9784785331313,C3043,有機化学演習　《基礎化学選書25》,右田・上方・太田・中山 共著
9784785331320,C3043,新工業化学概論（改訂版）　《基礎化学選書21》,大谷杉郎 著
9784785331337,C3043,機器分析（三訂版）　《基礎化学選書7》,田中誠之・飯田芳男 共著
9784785332013,C3043,基礎物理化学　《化学新シリーズ》,渡辺　啓・岩澤康裕 共著
9784785332020,C3043,基礎有機化学　《化学新シリーズ》,杉森　彰 著
9784785332037,C3043,高分子合成化学　《化学新シリーズ》　　（→ 改訂版）,井上祥平 著
9784785332044,C3043,基礎無機化学　《化学新シリーズ》　　（→ 改訂版）,一國雅巳 著
9784785332051,C3043,量子化学　《化学新シリーズ》,近藤　保・真船文隆 共著
9784785332068,C3043,物理化学演習　《化学新シリーズ》,茅　幸二 編著
9784785332075,C3043,分子軌道法　《化学新シリーズ》,廣田　穣 著
9784785332082,C3043,光化学　《化学新シリーズ》,杉森　彰 著
9784785332099,C3043,環境化学　《化学新シリーズ》,小倉紀雄・一國雅巳 共著
9784785332105,C3043,化合物命名法　《化学新シリーズ》,中原勝儼・稲本直樹 共著
9784785332112,C3043,有機合成化学　《化学新シリーズ》,太田博道・鈴木啓介 共著
9784785332129,C3043,生物有機化学　《化学新シリーズ》,小宮山真 著
9784785332136,C3043,有機金属化学　《化学新シリーズ》,小宮三四郎・碇屋隆雄 共著
9784785332143,C3043,Ｘ線結晶構造解析　《化学新シリーズ》,大橋裕二 著
9784785332150,C3043,パソコンで考える 量子化学の基礎　《化学新シリーズ》,時田澄男・染川賢一 共著
9784785332167,C3043,機器分析入門　《化学新シリーズ》,赤岩英夫 編
9784785332174,C3043,太陽系の化学　《化学新シリーズ》,海老原　充 著
9784785332181,C3043,化学環境学　《化学の指針シリーズ》,御園生 誠 著
9784785332198,C3058,化学プロセス工学　《化学の指針シリーズ》,小野木・田川・小林・二井 共著
9784785332204,C3043,生物有機化学　《化学の指針シリーズ》,宍戸昌彦・大槻高史 共著
9784785332211,C3043,有機反応機構　《化学の指針シリーズ》,加納航治・西郷和彦 共著
9784785332228,C3043,有機工業化学　《化学の指針シリーズ》,井上祥平 著
9784785332235,C3043,分子構造解析　《化学の指針シリーズ》,山口健太郎 著
9784785332242,C3043,錯体化学　《化学の指針シリーズ》,佐々木陽一・柘植清志 共著
9784785332259,C3043,量子化学　《化学の指針シリーズ》,中嶋隆人 著
9784785332266,C3043,超分子の化学　《化学の指針シリーズ》,菅原　正・木村榮一 共編
9784785333010,C3043,有機金属化学　《化学選書》,山本明夫 著
9784785333027,C3043,ほしいものだけ作る化学　《化学選書》,野崎　一 編著
9784785333034,C3043,錯体化学　《化学選書》　　（→ 改訂版）,山崎一雄・中村大雄 共著
9784785333041,C3043,地球環境の化学　《化学選書》,北野　康 著
9784785333058,C3043,レーザー化学（I）　《化学選書》,片山幹郎 著
9784785333065,C3043,レーザー化学（II）　《化学選書》,片山幹郎 著
9784785333072,C3043,溶液化学　《化学選書》,大瀧仁志 著
9784785333089,C3043,無機合成化学　《化学選書》,中村　晃・斎藤太郎 共著
9784785333096,C3043,有機光化学　《化学選書》,杉森　彰 著
9784785333102,C3043,錯体化学（改訂版）　《化学選書》,山崎・吉川・池田・中村 共著
9784785334017,C3043,化学のための 初めてのシュレーデンインガー方程式　《化学サポートシリーズ》　　（→ オンデマンド版）,藤川高志 著
9784785334024,C3043,エントロピーから化学ポテンシャルまで　《化学サポートシリーズ》,渡辺　啓 著
9784785334031,C3043,有機化学の考え方　《化学サポートシリーズ》,右田俊彦・西山幸三郎 共著
9784785334048,C3043,化学平衡の考え方　《化学サポートシリーズ》,渡辺　啓 著
9784785334055,C3043,有機金属化学ノーツ　《化学サポートシリーズ》,伊藤　卓 著
9784785334062,C3043,化学をとらえ直す　《化学サポートシリーズ》,杉森　彰 著
9784785334079,C3043,レーザー光化学　《化学サポートシリーズ》,伊藤道也 著
9784785334086,C3043,図説 量子化学　《化学サポートシリーズ》,大野・山門・岸本 共著
9784785334093,C3043,早わかり 分子軌道法　《化学サポートシリーズ》,武次徹也・平尾公彦 共著
9784785334109,C3043,酸と塩基　《化学サポートシリーズ》,水町邦彦 著
9784785334116,C3043,化学のための数学　《化学サポートシリーズ》,藤川高志・朝倉清高 共著
9784785334123,C3043,化学薬品の基礎知識　《化学サポートシリーズ》,杉森　彰 著
9784785334130,C3043,スピン化学　《化学サポートシリーズ》,坂口喜生 著
9784785334147,C3043,コンピュータで分子の形をみる　《化学サポートシリーズ》,榊原和久 著
9784785334154,C3043,原理からとらえる 電気化学　《化学サポートシリーズ》,石原顕光・太田健一郎 共著
9784785334161,C3043,超分子化学入門　《化学サポートシリーズ》,戸田三津夫・戸田芙三夫 共著
9784785334178,C3043,化学結合論　《物理化学入門シリーズ》,中田宗隆 著
9784785334185,C3043,化学熱力学　《物理化学入門シリーズ》,原田義也 著
9784785334192,C3043,量子化学　《物理化学入門シリーズ》,大野公一 著
　3501～　教科書・参考書,,,
9784785335014,C3043,少しはやる気がある人のための 自学自修用 有機化学問題集,粟野一志・瀨川　透 共編
9784785335021,C3043,窒素固定の科学,干鯛眞信 著
9784785335038,C3043,生命系のための有機化学Ⅰ,齋藤勝裕 著
9784785350017,C3045,教養の生物（増訂版）　　（→ 三訂版）,太田次郎 著
9784785350024,C3045,基礎生物学（増訂版）,佐藤重平 著
9784785350031,C3045,生物科学,小野知夫 著
9784785350048,C3045,教養生物学,森田・市川・本城・佐藤・平井 共著
9784785350055,C3045,現代生物学（全訂版）,沼野井春雄 著
9784785350062,C3045,現代植物学,佐藤・木村・宝月・八巻 共著
9784785350079,C3045,現代動物学　　（→ 全訂版）,石田・八杉・菅原・大滝 共著
9784785350086,C3045,基礎植物学（改訂版）,小野・猪野・佐藤 共著
9784785350093,C3045,基礎動物学（新版）,森田・市川・本城・佐藤・平井・森 共著
9784785350109,C3045,基礎遺伝学（改訂版）,田中義麿 著
9784785350116,C3045,生物の実験法,石田寿老・佐藤重平 編
9784785350123,C3045,基礎発生学概論（新版）,市川　衛 著
9784785350130,C3045,生物統計学入門（新訂版）,川上理一 著
9784785350147,C3045,生物学概論,沼野井春雄 著
9784785350154,C3045,自然科学概論,木村陽二郎 著
9784785350161,C3045,ヒトの生物学　　（→ 改訂版）,太田次郎 著
9784785350178,C3045,現代動物学（全訂版）,石田・八杉・菅原・大瀧 著
9784785350185,C3045,生物科学概論,湯淺精二 著
9784785350192,C3045,教養の生物（改訂版）　　（→ 三訂版）,太田次郎 著
9784785350208,C3045,生物 －そのつくりとはたらき－　　（→ 改訂版）,津田誠三 著
9784785350215,C3045,一般教養 生物学　→　生物科学入門（三訂版）,石川　統 著
9784785350222,C3045,細胞と生命,市川・本谷・桧垣・小須田 共著
9784785350239,C3045,ヒトの生物学（改訂版）,太田次郎 著
9784785350246,C3045,総合生物学,江上信雄・安富佐織 共著
9784785350253,C3045,生物の実験,竹内正幸・石原勝敏 共編
9784785350260,C3045,植物遺伝育種学　　（→ オンデマンド版）,武田和義 著
9784785350277,C3045,生物 －そのつくりとはたらき－（改訂版）,津田誠三 著
9784785350284,C3045,図説 生物の世界　　（→ 三訂版）,遠山　益 著
9784785350291,C3045,放射線生物学,山口彦之 著
9784785350307,C3045,生物の目でみる 自然環境の保全,遠山　益 著
9784785350314,C3045,教養の生物（三訂版）,太田次郎 著
9784785350321,C3045,スタンダード 生化学,有坂文雄 著
9784785350338,C3045,環境生物科学　　（→ 改訂版）,松原　聰 著
9784785350345,C3045,生物科学入門（改訂改題）,石川　統 著
9784785350352,C3045,細胞からみた生物学　　（→ 改訂版）,太田次郎 著
9784785350369,C3045,分子からみた生物学　　（→ 改訂版）,石川　統 著
9784785350376,C3045,図説 生物の世界（改訂版）　　（→ 三訂版）,遠山　益 著
9784785350383,C3045,図解 発生生物学,石原勝敏 著
9784785350390,　,【欠番】,　
9784785350406,C3045,マダガスカルの動物,山岸　哲 編
9784785350413,C3045,生化学入門,丸山工作 著
9784785350420,C3045,ライフサイエンスのための 分子生物学入門,駒野徹・酒井裕 共著
9784785350437,C3045,生物学と人間　　（→ 新版）,赤坂甲治 編
9784785350444,C3047,脳とニューロンの科学,新井康允 著
9784785350451,C3045,生物講義,岩槻邦男 著
9784785350468,C3045,多様性からみた生物学,岩槻邦男 著
9784785350475,C3045,人間環境学,遠山　益 著
9784785350482,C3045,生命の意味,桑村哲生 著
9784785350499,C3045,細胞からみた生物学（改訂版）,太田次郎 著
9784785350505,C3045,市民環境科学への招待,小倉紀雄 著
9784785350512,C3045,生化学　《大学の生物学》　　（→ 三訂版）,丸山工作 著
9784785350529,C3045,細胞組織学　《大学の生物学》,太田次郎 著
9784785350536,C3045,植物生理学　《大学の生物学》　　（→ 改訂版）,清水　碩 著
9784785350543,C3045,進化系統学　《大学の生物学》,山田・西田・丸山 共著
9784785350550,C3045,遺伝学　《大学の生物学》　　（→ 改訂版）,山口彦之 著
9784785350567,C3045,発生学　《大学の生物学》,江上・田口・竹内 共著
9784785350574,C3045,生化学（改訂版）　《大学の生物学》　　（→ 三訂版）,丸山工作 著
9784785350581,C3045,遺伝学（改訂版）　《大学の生物学》,山口彦之 著
9784785350598,C3045,生化学（三訂版）　《大学の生物学》,丸山工作 著
9784785350604,C3045,植物生理学（改訂版）　《大学の生物学》,清水　碩 著
9784785350710,C3045,生命の化学　《生命科学シリーズ》　　（→ 改訂版）,野田春彦 著
9784785350727,C3045,細胞の科学　《生命科学シリーズ》　　（→ 改訂版）,太田次郎 著
9784785350734,C3045,ＤＮＡの遺伝学　《生命科学シリーズ》　　（→ 全訂版）,山口彦之 著
9784785350741,C3045,発生のプログラム　《生命科学シリーズ》,石原勝敏 著
9784785350758,C3045,免疫の生物学　《生命科学シリーズ》,野間口隆 著
9784785350765,C3045,酵素の科学　《生命科学シリーズ》,藤本大三郎 著
9784785350772,C3045,行動の生物学　《生命科学シリーズ》,青木　清 著
9784785350789,C3045,ビタミンの生物学　《生命科学シリーズ》,五十嵐脩 著
9784785350796,C3045,感覚の生理学　《生命科学シリーズ》,高木雅行 著
9784785350802,C3045,栄養の生理学　《生命科学シリーズ》,糸川嘉則 著
9784785350819,C3045,植物のホルモン　《生命科学シリーズ》,勝見允行 著
9784785350826,C3045,細胞の科学（改訂版）　《生命科学シリーズ》,太田次郎 著
9784785350833,C3045,がんの生物学　《生命科学シリーズ》,松原　聰 著
9784785350840,C3045,細胞の運動　《生命科学シリーズ》,新免輝男 著
9784785350857,C3045,人類の起源と進化　《生命科学シリーズ》,江原昭善 著
9784785350864,C3045,生命の化学（改訂版）　《生命科学シリーズ》,野田春彦 著
9784785350871,C3045,細胞のコミュニケーション　《生命科学シリーズ》,木下清一郎 著
9784785350888,C3045,ＤＮＡの遺伝学（全訂版）　《生命科学シリーズ》,山口彦之 著
9784785350895,C3045,動物のホルモン　《生命科学シリーズ》,川島誠一郎 著
9784785350901,C3045,生命現象と調節　《生命科学シリーズ》,長野　敬 著
9784785351014,C3045,生物物理学　《基礎生物学選書1》　　（→ 改訂版）,本城・市井・河合・高木 共著
9784785351021,C3045,細胞生物学（増訂版）　《基礎生物学選書2》,太田次郎 著
9784785351038,C3045,植物の形態　《基礎生物学選書3》　　（→ 増訂版）,原　　襄 著
9784785351045,C3045,光合成　《基礎生物学選書4》,藤茂　宏 著
9784785351052,C3045,内分泌現象（訂正版）　《基礎生物学選書5》,小林英司 著
9784785351069,C3045,形態形成の原理　《基礎生物学選書6》　　（→ オンデマンド版）,中沢信午 著
9784785351076,C3045,遺伝 －細胞から分子へ－　《基礎生物学選書7》,佐藤重平 著
9784785351083,C3045,生物物理学（改訂版）　《基礎生物学選書1》,本城・市井・河合・高木 共著
9784785351090,C3045,生物経済学　《基礎生物学選書8》,宝月欣二 著
9784785351106,C3045,植物の形態（増訂版）　《基礎生物学選書3》,原　　襄 著
9784785351113,C3045,分子進化　《基礎生物学選書9》,石川　統 著
9784785351120,C3045,発生生物学　《基礎生物学選書10》,中埜栄三 著
9784785351137,C3045,植物の組織培養　《基礎生物学選書11》,竹内正幸 著
9784785352011,C3045,ゲノムサイエンスのための 遺伝子科学入門,赤坂甲治 著
9784785352028,C3045,生命と遺伝子,山岸秀夫 著
9784785352035,C3045,生物科学入門（三訂版）,石川　統 著
9784785352042,C3045,分子からみた生物学（改訂版）,石川　統 著
9784785352059,C3045,時間生物学の基礎,富岡・沼田・井上 共著
9784785352066,C3045,図説 生物の世界（三訂版）,遠山　益 著
9784785352073,C3045,分子発生生物学（改訂版）,浅島誠・駒崎伸二 共著
9784785352080,C3045,バイオサイエンスのための 蛋白質科学入門,有坂文雄 著
9784785352097,C3045,ＤＮＡとタンパク質,石井信一 著
9784785352103,C3045,環境生物科学（改訂版）,松原聰 著
9784785352110,C3045,生命科学史,遠山　益 著
9784785352127,C3045,分子遺伝学入門,東江昭夫 著
9784785352134,C3045,コア講義 分子生物学,田村隆明 著
9784785352141,C3045,人間のための 一般生物学,武村政春 著
9784785352158,C3045,初歩からの 集団遺伝学,安田徳一 著
9784785352165,C3045,微生物学,坂本順司 著
9784785352172,C3045,人類進化論,山極寿一 著
9784785352189,C3045,コア講義 生物学,田村隆明 著
9784785352196,C3045,コア講義 生化学,田村隆明 著
9784785352202,C3045,理工系のための 生物学,坂本順司 著
9784785352219,C3045,新版 生物学と人間,赤坂甲治 編
9784785352226,C3045,医療・看護系のための 生物学,田村隆明 著
9784785352240,C3045,医薬系のための 生物学,丸山 敬・松岡耕二 共著
9784785352257,C3045,新 バイオの扉,高木正道 監修
9784785352264,C3045,ヒトを理解するための 生物学,八杉貞雄 著
9784785352271,C3045,しくみからわかる 生命工学,田村隆明 著
9784785352288,C3045,ベーシック生物学,武村政春 著
9784785352295,C3045,しくみと原理で解き明かす 植物生理学,佐藤直樹 著
9784785352301,C3045,コア講義 分子遺伝学,田村隆明 著
9784785358013,C3045,メンデリズムの基礎,山下孝介 訳編
9784785358020,C3045,基礎人類遺伝学,田中克己 著
9784785358037,C3045,基礎細胞学（新訂版）,和田・佐藤・太田 共著
9784785358044,C3045,蛙学,市川　衛 著
9784785358051,C3045,発生の生化学,中埜・毛利・丸山 編
9784785358068,C3045,植物器官学,熊沢正夫 著
9784785358075,C3045,組換えＤＮＡ,飯野徹雄 著
9784785358082,C3045,ヒキガエルの生物学,浦野明央・石原勝敏 共著
9784785358099,C3045,分子生物学とバイオテクノロジー,山口彦之 著
9784785358105,C3045,マリンバイオテクノロジー,宮地重遠 監修
9784785358112,C3045,ヒトのからだをめぐる１２章,保志　宏 著
9784785358129,C3045,人のための遺伝学,安田徳一 著
9784785358136,C3045,生命のメカニズム,D.S.Goodsell 著
9784785358143,C3045,基礎遺伝学　《21世紀への遺伝学I》,黒田行昭 編
9784785358150,C3045,分子遺伝学　《21世紀への遺伝学II》,三浦謹一郎 編
9784785358167,C3045,細胞遺伝学　《21世紀への遺伝学III》,佐々木本道 編
9784785358174,C3045,発生遺伝学　《21世紀への遺伝学IV》,岡田益吉 編
9784785358181,C3045,人類遺伝学　《21世紀への遺伝学V》,今村　孝 編
9784785358198,C3045,応用遺伝学　《21世紀への遺伝学VI》,福田一郎 編
9784785358204,C3045,酵素は生きている,一島英治 著
9784785358211,C3045,はじめての えころじい　　（→ オンデマンド版）,藤井宏一 編
9784785358228,C3045,日本人が作りだした動植物,日本人が作りだした動植物企画委員会 編
9784785358235,C3061,植物工場の基礎と実際,高辻正基 著
9784785358242,C3045,生物の種多様性　《バイオディバーシティ１》,岩槻邦男・馬渡峻輔 共編
9784785358259,C3045,植物の多様性と系統　《バイオディバーシティ2》,加藤雅裕 編
9784785358266,C3045,藻類の多様性と系統　《バイオディバーシティ3》,千原光雄 編
9784785358273,C3045,菌類・細菌・ウイルスの多様性と系統　《バイオディバーシティ4》,杉山純多 編
9784785358280,C3045,無脊椎動物の多様性と系統　《バイオディバーシティ5》,白山義久 編
9784785358297,C3045,節足動物の多様性と系統　《バイオディバーシティ6》,石川良輔 編
9784785358303,C3045,脊椎動物の多様性と系統　《バイオディバーシティ7》,松井正文 編
9784785358310,C3045,バイオテクノロジー・ノート,山口彦之 著
9784785358327,C3045,バイオの扉,斎藤日向 監修
9784785358334,C3045,進化の風景,石川　統 著
9784785358341,C3045,分子発生生物学　　（→ 改訂版）,浅島　誠・駒崎伸二 共著
9784785358358,C3045,飲料水に忍びよる 有毒シアノバクテリア,彼谷邦光 著
9784785358365,C3045,最新 発生工学総論,入谷　明 著
9784785358372,C3045,生物の形の多様性と進化,関村・野地・森田 共編
9784785358389,C3045,これからの鳥類学,山岸　哲・樋口広芳 共編
9784785358396,C3045,これからの両棲類学,松井正文 編
9784785358402,C3045,カロテノイド,高市真一 編集
9784785358419,C3045,図解 分子細胞生物学,浅島　誠・駒崎伸二 共著
9784785358426,C3045,動物の系統分類と進化　《新・生命科学シリーズ》,藤田敏彦 著
9784785358433,C3045,動物の性　《新・生命科学シリーズ》,守　隆夫 著
9784785358440,C3045,クロロフィル,三室　守 編集
9784785358457,C3045,植物の成長　《新・生命科学シリーズ》,西谷和彦 著
9784785358464,C3045,動物の形態　《新・生命科学シリーズ》,八杉貞雄 著
9784785358471,C3045,行動遺伝学入門,小出　剛・山元大輔 編著
9784785358488,C3045,外来生物,西川　潮・宮下　直 編著
9784785358495,C3045,動物の発生と分化　《新・生命科学シリーズ》,浅島　誠・駒崎伸二 共著
9784785358501,C3045,脳　《新・生命科学シリーズ》,石浦・笹川・二井 共著
9784785358518,C3045,遺伝子と性行動,山元大輔 著
9784785358525,C3045,植物の系統と進化　《新・生命科学シリーズ》,伊藤元己 著
9784785358532,C3045,エントロピーから読み解く 生物学,佐藤直樹 著
9784785358549,C3045,イラスト 基礎からわかる 生化学,坂本順司 著
9784785358556,C3045,植物の生態　《新・生命科学シリーズ》,寺島一郎 著
9784785358563,C3045,遺伝子操作の基本原理　《新・生命科学シリーズ》,赤坂甲治・大山義彦 共著
9784785358570,C3045,イチョウの自然誌と文化史,長田敏行 著
9784785358587,C3045,動物行動の分子生物学　《新・生命科学シリーズ》,久保健雄・奥山輝大・上川内あづさ・竹内秀明 共著
9784785358594,C3045,ワークブックで学ぶ ヒトの生化学,坂本順司 著
9784785358600,C3047,フリーソフトで作る バーチャルスライドと3Dモデルの作成法,駒崎伸二 著
9784785358617,C3045,ワークブック ヒトの生物学,八杉貞雄 著
9784785359010,C3045,細胞分裂と細胞遺伝　《植物遺伝学I》,山下孝介 編
9784785359027,C3045,核酸と生合成産物　《植物遺伝学II》,林　孝三 編
9784785359034,C3045,生理形質と量的形質　《植物遺伝学III》,高橋隆平 編
9784785359041,C3045,形態形成と突然変異　《植物遺伝学IV》,山口彦之 編
9784785359058,C3045,生態遺伝と進化　《植物遺伝学V》,酒井寛一 編
9784785359065,C3045,生命機械工学　《生命工学シリーズI》,三輪敬之 編
9784785359072,C3045,生命情報工学　《生命工学シリーズII》,松永　是 編
9784785359089,C3045,生命材料工学　《生命工学シリーズIII》,片岡一則 編
9784785359096,C3045,生命分子工学　《生命工学シリーズIV》,三浦謹一郎 編
9784785359102,C3045,生命増殖工学　《生命工学シリーズV》,山口彦之 編
9784785359119,C3045,家蚕生化学,伊藤智夫 編著
9784785359126,C3045,比較血液型学,鈴木正三 監修
9784785359133,C3047,脳の性分化,山内兄人・新井康允 編著
9784785360016,C3050,図学,成瀬・吉方・南日 共著
9784785360023,C3053,材料力学（上）,鵜戸口・川田・倉西 共著
9784785360030,C3053,材料力学（下）,鵜戸口・川田・倉西 共著
9784785360047,C3053,工学 基礎熱力学　　（→ 全訂版）,谷下市松 著
9784785360054,C3053,工業熱力学 基礎編（全訂版）,谷下市松 著
9784785360061,C3052,建造力学（全訂版）,谷口　忠 著
9784785360078,C3053,塑性加工（改訂版）,鈴木　弘 編
9784785360085,C3053,工学 基礎熱力学（全訂版）,谷下市松 著
9784785360092,C3053,蒸気工学,谷下市松 著
9784785360108,C3053,伝熱工学,谷下市松 著
9784785360115,C3053,材料力学,宮本　博・菊池正紀 共著
9784785360122,C3053,弾・塑性力学,北川　浩 著
9784785360139,C3050,図学,中村貞男 著
9784785360146,C3053,機械力学,原文雄 著
9784785360153,C3058,燃料工学概論,小西誠一 著
9784785360160,C3050,図学と製図,中村・前田・大村 共著
9784785360177,C3053,基礎工業熱力学,P.B.Whalley 著
9784785360184,C3055,入門 レーザー,大津元一 著
9784785360191,C3044,鉱物学概論,秋月瑞彦 著
9784785360207,C3058,プロセス設計学入門,東稔・世古・平田 共著
9784785360214,C3053,応用熱学入門,藤井　哲 著
9784785360221,C3055,量子エレクトロニクスの基礎,大津元一 著
9784785360238,C3053,エスプレッソ 伝熱工学,相原利雄 著
9784785360245,C3053,曲げ変形の物理学,日比野文雄 著
9784785360252,C3050,産業技術誌,岡田厚正 監修
9784785360269,C3052,視覚と照明,入倉　隆 著
9784785361013,C3058,磁気物性の基礎　《新教科書シリーズ》,能勢　宏・佐藤徹也 共著
9784785361020,C3043,表面分析入門　《新教科書シリーズ》,吉原一紘・吉武道子 共著
9784785361037,C3058,材料の工学と先端技術　《新教科書シリーズ》,北條英光 編
9784785361044,C3058,材料の科学と工学　《新教科書シリーズ》,北條英光 編
9784785361051,C3058,薄膜材料入門　《新教科書シリーズ》,伊藤昭夫 編著
9784785361068,C3058,入門 転位論　《新教科書シリーズ》,加藤雅治 著
9784785361075,C3043,大学生のための 化学熱力学　《新教科書シリーズ》,宮崎栄三 編
9784785361082,C3058,新しい紙の機能と工学　《新教科書シリーズ》,門屋　卓 編著
9784785361099,C3042,工学系の電磁気学　《新教科書シリーズ》,河野　汀・宮本正章 共著
9784785361105,C3043,大学生のための 物理化学　《新教科書シリーズ》,宮崎栄三 編
9784785361112,C3053,ロボティクス入門　《新教科書シリーズ》,高橋良彦 著
9784785361129,C3054,熱電変換　《新教科書シリーズ》,坂田　亮 編
9784785361136,C3055,半導体の電子物性工学　《新教科書シリーズ》,太田英二・坂田　亮 共著
9784785361143,C3054,エネルギー工学入門　《新教科書シリーズ》,梶川武信 著
9784785361150,C3043,大学生のための 有機化学　《新教科書シリーズ》,今井・松山・大北 共著
9784785365011,C3053,ロボット工学　《機械工学選書》　　（→ 改訂版）,広瀬茂男 著
9784785365028,C3058,航空工学（I）　《機械工学選書》,東　　昭 著
9784785365035,C3058,航空工学（II）　《機械工学選書》,東　　昭 著
9784785365042,C3053,設備安全工学　《機械工学選書》,清水久二 著
9784785365059,C3053,熱力学　《機械工学選書》,斎藤彬夫・一宮浩市 共著
9784785365066,C3053,信頼性工学　《機械工学選書》,市川昌弘 著
9784785365073,C3055,エレクトロニクス概論　《機械工学選書》,高橋清・沖村浩史 共著
9784785365080,C3058,輸送現象論　《機械工学選書》,架谷昌信 編
9784785365097,C3053,伝熱工学　《機械工学選書》,相原利雄 著
9784785365103,C3053,わかりたい人の 流体工学（I）　《機械工学選書》,深野　徹 著
9784785365110,C3053,わかりたい人の 流体工学（II）　《機械工学選書》,深野　徹 著
9784785365127,C3053,ロボット工学（改訂版）　《機械工学選書》,広瀬茂男 著
9784785366018,C3053,湿り空気と冷却塔(改訂版）　《技術シリーズ1》,内田秀雄 著
9784785366025,C3053,熱伝達特論　《技術シリーズ2》,内田・一色・森夫・植田・甲藤 著
9784785366032,C3053,材料力学　《技術シリーズ3》　　（→ 改訂版）,川田雄一 著
9784785366049,C3053,硬さ試験法とその応用　《技術シリーズ4》,吉沢武男 編
9784785366056,C3053,3次元弾性論　《技術シリーズ5》,宮本　博 著
9784785366063,C3053,材料力学（改訂版）　《技術シリーズ3》,川田雄一 著
9784785367015,C3058,極限状態と材料　《先端材料シリーズ》,日本材料科学会 編
9784785367022,C3058,センサと材料　《先端材料シリーズ》,日本材料科学会 編
9784785367039,C3058,破壊と材料　《先端材料シリーズ》,日本材料科学会 編
9784785367046,C3058,エネルギーと材料　《先端材料シリーズ》,日本材料科学会 編
9784785367053,C3058,電気伝導の基礎と材料　《先端材料シリーズ》　　（→ オンデマンド版）,日本材料科学会 編
9784785367060,C3058,宇宙と材料　《先端材料シリーズ》,日本材料科学会 編
9784785367077,C3058,繊維と材料　《先端材料シリーズ》,日本材料科学会 編
9784785367084,C3058,超音波と材料　《先端材料シリーズ》,日本材料科学会 編
9784785367091,C3058,分析・解析技術と材料　《先端材料シリーズ》,日本材料科学会 編
9784785367107,C3058,複合化と材料　《先端材料シリーズ》,日本材料科学会 編
9784785367114,C3058,強誘電性と高温超電導　《先端材料シリーズ》,日本材料科学会 編
9784785367121,C3058,超微粒子と材料　《先端材料シリーズ》,日本材料科学会 編
9784785367138,C3053,照射効果と材料　《先端材料シリーズ》,日本材料科学会 編
9784785367145,C3058,金属間化合物と材料　《先端材料シリーズ》,日本材料科学会 編
9784785367152,C3058,材料の設計　《先端材料シリーズ》,日本材料科学会 編
9784785367169,C3058,表面処理と材料　《先端材料シリーズ》,日本材料科学会 編
9784785367176,C3058,接着と材料　《先端材料シリーズ》,日本材料科学会 編
9784785367183,C3058,熱処理と材料　《先端材料シリーズ》,日本材料科学会 編
9784785367190,C3058,近代磁性材料　《先端材料シリーズ》,日本材料科学会 編
9784785367206,C3058,水利用の最前線　《先端材料シリーズ》,日本材料科学会 編
9784785367213,C3058,新機能性薄膜　《先端材料シリーズ》,日本材料科学会 編
9784785367220,C3058,地球環境と材料　《先端材料シリーズ》,日本材料科学会 編
9784785367237,C3054,光エレクトロニクス　《先端材料シリーズ》,日本材料科学会 編
9784785367244,C3058,微生物と材料　《先端材料シリーズ》,日本材料科学会 編
9784785367251,C3058,寿命・余寿命予測と材料　《先端材料シリーズ》,日本材料科学会 編
9784785368012,C3053,工業熱力学 応用編,谷下市松 著
9784785368029,C3052,建築設備演習,井上宇市 編
9784785368036,C3058,パソコンによる 材料設計,平尾一之・河村雄行 共著
9784785368043,C3058,つくる立場からみた 複合材料入門,大谷杉郎 著
9784785368050,C3058,複合材料入門,宮入裕夫 著
9784785368067,C3055,ネットワークコンバージェンス　《NetComライブラリ》,松下　温・重野　寛 共編
9784785368074,C3055,ホームネットワーク　《NetComライブラリ》,松下　温・中川一三夫 共著
9784785368081,C3055,インターネットとＱｏＳ制御　《NetComライブラリ》,阪田史郎 編
9784785368098,C3055,ＥＣと情報流通　《NetComライブラリ》,齋藤孝文 編
9784785368104,C3055,ネットベース・アプリケーション　《NetComライブラリ》,舩橋誠寿 編著
9784785368111,C3055,ネット家電とその技術　《NetComライブラリ》,松下　温・坂東忠秋 共編
9784785368128,C3058,非晶質フォトニクス材料,平尾・那須・田中 共著
9784785368135,C3055,ＩＴＳと情報通信技術　《NetComライブラリ》,松下　温・屋代智之 共編
9784785368142,C3055,デジタル放送　《NetComライブラリ》,河合直樹 編
9784785369019,C3053,強度設計データブック（修正版）,編集委員会
9784785369026,C3050,先端材料事典,日本材料科学会 編
9784785369033,C3058,エロージョンとコロージョン,腐食防食協会 編
9784785369040,C3058,高分子の劣化,Wolfram Schnabel 著
9784785369057,C3053,材料力学における逆問題,H.D.Bui 著
9784785369064,C3053,境界要素法による 腐食防食問題の解析,青木・天谷・宮坂 共著
9784785369071,C3042,実践ナノテクノロジー 走査プローブ顕微鏡と局所分光,重川・吉村・坂田・河津 共編
9784785370015,C3047,レントゲンの取扱い方（新版）,柳瀬・木村・森川 共著
9784785377014,　,【電子書籍】 理工系のための 生物学,坂本順司 著
9784785377021,　,【電子書籍】 医療・看護系のための 生物学,田村隆明 著
9784785377038,　,【電子書籍】 図解 分子細胞生物学,浅島　誠・駒崎伸二 共著
9784785377045,　,【電子書籍】 植物の成長　《新・生命科学シリーズ》,西谷和彦 著
9784785377052,　,【電子書籍】 動物の発生と分化　《新・生命科学シリーズ》,浅島　誠・駒崎伸二 共著
9784785377069,　,【電子書籍】 遺伝子操作の基本原理　《新・生命科学シリーズ》,赤坂甲治・大山義彦 共著
9784785377076,　,【電子書籍】 医薬系のための 生物学,丸山 敬・松岡耕二 共著
9784785377083,　,【電子書籍】 動物の系統分類と進化　《新・生命科学シリーズ》,藤田敏彦 著
9784785377090,　,【電子書籍】 イチョウの自然誌と文化史,長田敏行 著
9784785377106,　,【電子書籍】 バイオ研究の舞台裏　《ポピュラー・サイエンス》,水澤　博・小原有弘・増井　徹 共著
9784785377113,　,【電子書籍】 放射線の遺伝影響　《ポピュラー・サイエンス》,安田徳一 著
9784785377120,　,【電子書籍】 動物行動の分子生物学　《新・生命科学シリーズ》,久保健雄・奥山輝大・上川内あづさ・竹内秀明 共著
9784785377137,　,【電子書籍】 フリーソフトで作る バーチャルスライドと3Dモデルの作成法,駒崎伸二 著
9784785377144,　,【電子書籍】 人類進化論 －霊長類学からの展開－,山極寿一 著
9784785377151,　,【電子書籍】 エントロピーから読み解く 生物学 －めぐりめぐむ わきあがる生命－,佐藤直樹 著
9784785377168,　,【電子書籍】 脳 －分子・遺伝子・生理－　《新・生命科学シリーズ》,石浦章一・笹川　昇・二井勇人 共著
9784785380014,C3041,大学演習 微分積分学,三村征雄 編
9784785380021,C3041,大学演習 代数学と幾何学,三村征雄 編
9784785380038,C3041,大学演習 微分方程式,矢野謙太郎 編
9784785380045,C3041,大学演習 解析学概論,矢野健太郎・石原　繁 共著
9784785380052,C3041,大学演習 ベクトル解析,矢野健太郎・石原　繁 共著
9784785380069,C3041,大学演習 函数論,辻　正次・小松勇作 編
9784785380076,C3041,大学演習 応用数学I,吉田耕作・加藤敏夫 編
9784785380083,C3041,大学演習 数理統計,河田・丸山・鍋谷 共著
9784785380090,C3042,大学演習 一般物理学　　（→ オンデマンド版）,金原寿郎 編
9784785380106,C3042,大学演習 電磁気学（全訂版）,霜田光一・近角聰信 編
9784785380113,C3042,大学演習 力学,山内恭彦・末岡清市 編
9784785380120,C3042,大学演習 量子力学,小谷正雄・梅沢博臣 編
9784785380137,C3042,大学演習 量子物理学,山内恭彦・武田　暁 共編
9784785380144,C3042,大学演習 熱学・統計力学　　（→ 修訂版）,久保亮五 編
9784785380151,C3042,大学演習 弾性論,竹内　均 著
9784785380168,C3042,大学演習 回路,高橋秀俊 編
9784785380175,C3043,大学演習 一般化学（新版）,白井・今堀・吉岡・磯 共著
9784785380182,C3043,大学演習 物理化学,吉岡甲子郎・荻野一善 共著
9784785380199,C3043,大学演習 無機化学,松浦・藤原・長島 共著
9784785380205,C3043,大学演習 有機化学（改訂版）,高橋・野村・江原・鈴木 共著
9784785380212,C3043,大学演習 電気化学,松浦二郎 著
9784785380229,C3053,大学演習 材料力学（改訂版）,編集委員会 編
9784785380236,C3053,大学演習 工業熱力学（三訂版）,谷下市松 編
9784785380243,C3053,大学演習 機械要素設計（改訂版）,吉沢武男 編
9784785380250,C3053,大学演習 機械力学,谷口・渡辺・奥村 編
9784785380267,C3053,大学演習 伝熱工学,内田秀雄 編
9784785380274,C3042,大学実習 基礎物理学実験,平田森三 編
9784785380281,C3043,大学実習 分析化学　（→ 改訂版）,斎藤信房 編
9784785380298,C3045,大学実習 生物学実験,佐藤重平 著
9784785380304,C3043,大学演習 化学通論,吉岡甲子郎 著
9784785380311,C3043,大学実習 分析化学（改訂版）,斉藤信房 編
9784785380328,C3042,大学演習 熱学・統計力学（修訂版）,久保亮五 編
9784785381011,C3043,基礎化学　《基礎演習シリーズ》,吉岡甲子郎 著
9784785381028,C3043,無機化学　《基礎演習シリーズ》,岩本振武・山崎　昶 共著
9784785381035,C3041,微分方程式　《基礎演習シリーズ》,藤本淳夫 著
9784785381042,C3042,固体物理学　《基礎演習シリーズ》,花村榮一 著
9784785381059,C3042,電磁気学　《基礎演習シリーズ》,中山正敏 著
9784785381066,C3043,一般化学　《基礎演習シリーズ》,富田　功 著
9784785381073,C3041,関数論　《基礎演習シリーズ》,栗林福和 著
9784785381080,C3042,物理のための 応用数学　《基礎演習シリーズ》,小野寺嘉孝 著
9784785381097,C3042,物理学　《基礎演習シリーズ》,小出昭一郎 編著
9784785381103,C3053,材料力学　《基礎演習シリーズ》,菊池・澤・町田 共著
9784785381110,C3043,物理化学　《基礎演習シリーズ》,前川恒夫 著
9784785381127,C3042,熱力学　《基礎演習シリーズ》,三宅　哲 著
9784785381134,C3041,微分積分　《基礎演習シリーズ》,田代嘉宏・熊原啓作 共著
9784785381141,C3041,線形代数　《基礎演習シリーズ》,茂木　勇・間下克哉 共著
9784785381158,C3042,振動と波　《基礎演習シリーズ》,長岡洋介 編著
9784785381165,C3042,力学　《基礎演習シリーズ》,近藤　淳 著
9784785381172,C3042,熱統計力学　《基礎演習シリーズ》,阿部龍蔵 著
9784785381189,C3042,流体力学　《基礎演習シリーズ》,神部　勉 編著
9784785381196,C3042,量子力学　《基礎演習シリーズ》,江沢　洋 著
9784785385019,C0043,フッ素の化学,國分信英 著
9784785385026,C0043,失敗は成功のもと,宮田光男 著
9784785385033,C0043,鉄の歴史と化学,田口　勇 著
9784785385040,C0043,においの化学,長谷川香料㈱ 編
9784785385057,C0043,いい伝えと化学,古橋昭子 著
9784785385064,C0045,四季の野鳥,唐沢・川内・沼里 共著
9784785385071,C0045,植物文化史,臼井英治 著
9784785385088,C0045,日本にきた虫・くる虫,大竹昭郎 著
9784785385095,C0045,老化の原点をさぐる,鈴木・之 著
9784785385101,C0045,アリからのメッセージ,今井弘民 著
9784785385118,C0043,地の底のめぐみ,鹿園直建 著
9784785385125,C0043,宮沢賢治と化学,板谷英紀 著
9784785385132,C0045,微生物で害虫を防ぐ,渡部　仁 著
9784785385149,C0045,人と病気の科学史,山口彦之 著
9784785385156,C0045,家の中のダニ,森谷清樹 著
9784785385163,C0043,洗たくの科学,花王生活文化研究所 編
9784785385187,C0043,電池の話,平井竹次・高橋祥夫 共著
9784785385194,C0043,化学 話の泉,宮田光男 編
9784785385200,C0045,フグ毒のなぞを追って,清水　潮 著
9784785385217,C0045,発酵食品への招待　　（→ 新版）,一島英治 著
9784785385224,C0042,こうもりのヒソヒソ話,高木堅志郎 著
9784785385231,C0042,摩擦の科学,河野彰夫 著
9784785385248,C0045,生活のなかの植物,吉田幸弘 著
9784785385255,C0042,ビデオレコーディングの話,高尾正敏 著
9784785385262,C0043,俳句と自然,和田悟朗 著
9784785385279,C0045,チンパンジーのなかのヒト,早木仁成 著
9784785385286,C0043,エッセンシャルオイルの化学,亀岡　弘 著
9784785385293,C0043,やきものの話,長坂克巳 著
9784785385309,C0045,魚の養殖最前線,隆島史夫 著
9784785385316,C0045,血液型は語る,松本秀雄 著
9784785385323,C0043,素顔の石油,手塚真知子 著
9784785385330,C0043,生化学の魔術師,森正　保 著
9784785385347,C0042,磁気がひらく未来,田崎　明 著
9784785385354,C0042,オゾンホール,岩坂泰信 著
9784785385361,C0045,動物の人工生殖,長嶋比呂志 著
9784785385378,C0045,ビールのうまさをさぐる,キリンビール(株) 編
9784785385385,C0043,ビタミンの話,草間正夫 著
9784785385392,C0043,微量元素の世界,木村　優 著
9784785385408,C0042,光のスピードに迫る,冨家和雄 著
9784785385415,C0042,金色の石に魅せられて,佐藤勝昭 著
9784785385422,C0043,クイズ 化学の世界,シルビア・タッシャー 著
9784785385439,C0043,化学が好きになる実験,宮田光男 編
9784785385446,C0043,知らぬと危ない ガスの話,小池和彌 著
9784785385453,C0043,中国化学史話（上）,曹　元宇 著
9784785385460,C0043,中国化学史話（下）,曹　元宇 著
9784785385477,C0043,物質の質量から何がわかるか,田島　進・飛田成史 共著
9784785385484,C0043,火をつくる,小口正七 著
9784785385491,C0043,平成 科学草紙,柄山久子 著
9784785385507,C0043,色はどうして出るの,西本吉助・綿谷千穂 共著
9784785385514,C0043,活性剤の化学,井上勝也・彦田　毅 共著
9784785385521,C0043,熱水の地球化学,松葉谷治 著
9784785385538,C0043,ミステリーと化学,今村壽明・山崎　昶 共著
9784785385545,C0045,生物改造,田島弥太郎 著
9784785385552,C0043,新薬の話（I）,貴島静正 著
9784785385569,C0043,新薬の話（II）,貴島静正 著
9784785385576,C0043,化学雑話,林　良重 著
9784785385583,C0042,カオス,竹山協三 著
9784785385590,C0042,くらしと音,曽根敏夫 著
9784785385606,C0045,生命の誕生までに,川島ひろ子 著
9784785385613,C0045,がんはなぜできるか,武部　啓 著
9784785385620,C0045,夢の植物をつくる,三位正洋 著
9784785385637,C0043,ＳＦを化学する,山崎　昶 著
9784785385644,C0042,分子のひもの謎を解く,三宅成樹 著
9784785385651,C0043,藍染めの歴史と科学,三木産業株式会社 編
9784785385668,C0045,21世紀のハイテク農業,高辻正基 著
9784785385675,C0043,お茶の科学,山西　貞 著
9784785385682,C0045,稲のきた道,佐藤洋一郎 著
9784785385699,C0043,錬金術の復活,曽根興三 著
9784785385705,C0045,細胞培養から生命をさぐる,内海博司 著
9784785385712,C0043,化学者ちょっといい話,山崎　昶 著
9784785385729,C0043,ヘアケアの科学,花王生活文化研究所 編
9784785385736,C0043,家庭で楽しむ理科遊び,宮田光男 編
9784785385743,C0043,酸性雨と酸性霧,村野健太郎 著
9784785385750,C0042,だからファジィが面白い,廣田　薫 著
9784785385767,C0042,ピエゾセラミックス,藤島　啓 著
9784785385774,C0045,生物学から見た子育て,山田卓三 著
9784785385781,C0043,西洋 科学者こぼれ話,リングマン/シュミーデル 著
9784785385798,C0043,ときめき化学実験,林　良重 編
9784785385804,C0043,身の回りの光と色,加藤俊二 著
9784785385811,C0050,切断の魔術,佐藤和郎 著
9784785385828,C0045,万葉集にみる食の文化,一島英治 著
9784785385835,C0045,万葉集にみる酒の文化,一島英治 著
9784785385842,C0050,ダイヤモンドとガラス,境野照雄 著
9784785385859,C0050,現代を演出する素材 スチールの科学,和田　要 著
9784785385866,C0043,成人病の新しい治療薬,貴島静正 著
9784785385873,C0043,山の結晶,秋月瑞彦 著
9784785385880,C0043,脳と心の化学,大木幸介 著
9784785385897,C0043,やきものアラカルト（I）,長坂克巳 編著
9784785385903,C0043,やきものアラカルト（II）,長坂克巳 編著
9784785385910,C0043,化学で勝負する生物たち（I）,今村壽明 著
9784785385927,C0043,化学で勝負する生物たち（II）,今村壽明 著
9784785385934,C0042,身のまわりの物理,兵藤申一 著
9784785385941,C0042,オプティカルパワー,藤岡知夫 著
9784785385958,C0050,オーディオ新時代,中島平太郎 著
9784785385965,C0045,血液と健康,三浦恭定 著
9784785385972,C0045,恐竜学のすすめ,金子隆一 著
9784785385989,C0050,産業のバイオリズム,内田盛也 著
9784785385996,C0044,《光世紀世界》への招待,石原藤夫 著
9784785386009,C0043,続・化学 話の泉,宮田光男 編
9784785386016,C0043,科学の話いろいろ,八木和久 編著
9784785386023,C0043,香りと暮らし,亀岡弘・古川靖 編著
9784785386030,C0043,ミステリーの中の化学物質,山崎　昶 著
9784785386047,C0042,まぜこぜを科学する,高木隆司 著
9784785386054,C0042,フォトンの謎,水島宜彦 著
9784785386061,C0044,地球を狙う危険な天体,小島卓雄 著
9784785386078,C0050,人工生命の夢と悩み,星野　力 編著
9784785386085,C0045,鍼灸への招待,高島文一・川俣順一 共著
9784785386092,C0045,院内感染を防ぐ,野口行雄 著
9784785386108,C0011,お茶の間の心理学,佐久間悟郎 著
9784785386115,C0045,味と匂いのよもやま話,高木雅行 著
9784785386122,C0050,地球と人類は持続するか,高辻正基 著
9784785386139,C0043,錆をめぐる話題,井上勝也 著
9784785386146,C0047,がんの新しい治療薬（I）,貴島静正 著
9784785386153,C0047,がんの新しい治療薬（II）,貴島静正 著
9784785386160,C0045,アサガオ 江戸の贈りもの,米田芳秋 著
9784785386177,C0043,理科らしくない理科,小出　力 著
9784785386184,C0045,ショウジョウバエ物語,渡部隆夫 著
9784785386191,C0043,化学 エコライフ知恵袋,宮田光男 著
9784785386207,C0045,マリンバイオの未来,宮地重遠・加藤美砂子 共著
9784785386214,C0043,化学結合と反応のしくみ,長谷川正 著
9784785386221,C0043,焼物の謎に迫る,黒田永二 著
9784785386238,C0043,お菓子とおもちゃと化学,古橋昭子 著
9784785386245,C0045,真珠物語,町井　昭 著
9784785386252,C0045,魚の世界,小嶋吉雄・高井明徳 共著
9784785386269,C0044,ロケットの昨日・今日・明日,的川泰宣 著
9784785386276,C0042,ゴルフの物理,増田正美 著
9784785386283,C0040,犯罪鑑識の科学,小沼弘義 著
9784785386290,C0044,虹の結晶,秋月瑞彦 著
9784785386306,C0043,モノから学ぶ,今坂一郎 著
9784785386313,C0077,健康美をつくる乳製品,雪印乳業㈱健康生活研究所 編
9784785386320,C0043,環境のなかの毒,彼谷邦光 著
9784785386337,C0045,ネコの毛並み,野澤　謙 著
9784785386344,C0045,時間を知る生物,富岡憲治 著
9784785386351,C0050,マルチメディアで夢を送る 光ファイバの話,稲田浩一 著
9784785386368,C0044,巨大望遠鏡への道,吉田正太郎 著
9784785386375,C0043,読み物 物理化学,小出　力 著
9784785386382,C0045,分子人類学と 日本人の起源,尾本惠市 著
9784785386399,C0047,新しい健康読本,三浦・斉田・橋本 共著
9784785386405,C0043,着ごこちと科学,原田隆司 著
9784785386412,C0042,泡のおもしろ科学,大澤敏彦 著
9784785386429,C0047,続・新薬の話（I）,貴島静正 著
9784785386436,C0047,続・新薬の話（II）,貴島静正 著
9784785386443,C0043,あぶら（油脂）の話,藤谷　健 著
9784785386450,C0045,東京近郊 博物館で生物を学ぼう,伊藤洋文 著
9784785386467,C0045,視覚のメカニズム,前田章夫 著
9784785386474,C0050,バーコードの秘密,小塚洋司 著
9784785386481,C0042,キッチンで体験 レオロジー,尾崎邦宏 著
9784785386498,C0047,老人ボケは防げるか,中村重信・松山善次郎 共著
9784785386504,C0043,震災 エコライフ知恵袋,宮田光男 著
9784785386511,C0042,放射線ものがたり,森内和之 著
9784785386528,C0045,地球温暖化とその影響　　（→ 新版）,内嶋善兵衛 著
9784785386535,C0043,ファクトとフィクション,山崎　昶 著
9784785386542,C0044,ＳＦ天文学入門（上）,福江　純 著
9784785386559,C0044,ＳＦ天文学入門（下）,福江　純 著
9784785386566,C0043,日常生活の物質と化学,増井幸夫・嶋田利郎 共著
9784785386573,C0043,続・理科らしくない理科,小出　力 著
9784785386580,C0045,背に腹はかえられるか,石原勝敏 著
9784785386597,C0047,飲酒の生理学,梅田悦生 著
9784785386603,C0043,スキンケアの科学,服部道廣 著
9784785386610,C0045,チョウと共に生きる,阿江　茂 著
9784785386627,C0044,海の働きと海洋汚染,原島省・功刀正行 共著
9784785386634,C0076,酒造りの不思議,秋山裕一 著
9784785386641,C0043,リチウムイオン二次電池の話,西　美緒 著
9784785386658,C0044,軌道エレベータ,石原藤夫・金子隆一 共著
9784785386665,C0044,宇宙のゴミ問題,八坂哲雄 著
9784785386672,C0044,地上に星空を,伊東昌市 著
9784785386689,C0043,化学屋さんが落語を聞けば,古橋昭子・山崎　昶 共著
9784785386696,C0043,科学風土記,石川化学教育研究会 編
9784785386702,C0043,化学が面白くなる実験,長谷川正 編
9784785386719,C0043,切手でつづる化学物語,伊藤良一 著
9784785386726,C0043,脂肪酸と健康・生活・環境,彼谷邦光 著
9784785386733,C0047,歯の健康管理術,森岡俊夫 著
9784785386740,C0055,宇宙通信よもやま話,横井　寛 著
9784785386757,C0043,西国科学散歩（上）,西條敏美 著
9784785386764,C0043,西国科学散歩（下）,西條敏美 著
9784785386771,C0042,こうして始まった 20世紀の物理学,西尾成子 著
9784785386788,C0044,Ｘ線でさぐるブラックホール,北本俊二 著
9784785386795,C0043,ダイナミックな化学実験,宮田光男 著
9784785386801,C0043,化粧品の科学,尾澤達也 著
9784785386818,C0045,太陽紫外線と健康,菅原　努・野津敬一 共著
9784785386825,C0045,遺伝子を観る,山岸秀夫 著
9784785386832,C0047,インフルエンザと戦う,梅田悦生 著
9784785386849,C0042,超ひも理論と宇宙,吉川圭二 著
9784785386856,C0042,測れるもの 測れないもの,高田誠二 著
9784785386863,C0043,母と子の化学ゼミナール,増井幸夫 著
9784785386870,C0073,美しい声・美しい歌声,梅田紘子・梅田悦生 共著
9784785386887,C0055,明るい暗号の話,今井秀樹 著
9784785386894,C0043,読み物 熱力学,小出　力 著
9784785386900,C0043,希土類の話,鈴木康雄 著
9784785386917,C0062,磯焼けを海中林へ,谷口和也 著
9784785386924,C0043,コラーゲンの秘密に迫る,藤本大三郎 著
9784785386931,C0050,電子はめぐる,岸野正剛 著
9784785386948,C0011,「男らしさ」の心理学,関　智子 著
9784785386955,C0043,表面の世界,荻野圭三 著
9784785386962,C0043,化学と歴史とミステリー,山崎　昶 著
9784785386979,C0045,菜の花からのたより,日向康吉 著
9784785386986,C0061,ココヤシの恵み,杉村順夫・松井宣也 共著
9784785386993,C0061,広域大気汚染,若松伸司・篠崎光夫 共著
9784785387006,C0044,蒸気爆発の科学,高島武雄・飯田嘉宏 共著
9784785387013,C0043,やってみよう・見てみよう 楽しい化学５分間実験,新潟県化学を楽しむ会 編
9784785387020,C0043,聖書の中の科学,中島路可 著
9784785387037,C0055,マルチメディア世代に向けて,藤本正友 著
9784785387044,C0050,内視鏡テクノロジー,諸隈　肇 著
9784785387051,C0043,機能性食品と健康,藤巻正生 著
9784785387068,C0047,糖尿病の本当のはなし,清野　裕・鍵本伸二 共著
9784785387075,C0058,時計と人間,織田一朗 著
9784785387082,C0045,学習する脳・記憶する脳,磯　博行 著
9784785387099,C0045,遺伝子できまること、きまらぬこと,中込弥男 著
9784785387105,C0043,あなたと私の触媒学,田中一範 著
9784785387112,C0045,お茶はなぜ体によいのか　　（→ オンデマンド版）,黒田行昭・原　征彦 共著
9784785387129,C0043,環境 話の泉,宮田光男 編著
9784785387136,C0043,作って楽しむ理科遊び,宮田光男 編著
9784785387143,C0047,動きだした遺伝子医療,松田一郎 著
9784785387150,C0044,深海に挑む,堀田　宏 著
9784785387167,C0042,つながりの科学,小田垣孝 著
9784785387174,C0058,スーパーコンピュータ,山田　博 著
9784785387181,C0044,マンガ 手作りの宇宙,横尾武夫 編
9784785387198,C0044,不思議な銀河の物語,谷口義明 著
9784785387204,C0044,生れたての銀河を探して,谷口義明 著
9784785387211,C0061,「街路樹」デザイン新時代,渡辺達三 著
9784785387228,C0050,走りをささえる タイヤの秘密,酒井秀男 著
9784785387235,C0045,遺伝Ｑ＆Ａ,中込弥男 著
9784785387242,C0045,したたかなウイルスたち,生田和良 著
9784785387259,C0047,食中毒の科学,本田武司 著
9784785387266,C0043,ひろがる高分子の世界,竹内茂彌・北野博巳 共著
9784785387273,C0043,どきどき化学なるほど実験,杉山剛英 著
9784785387280,C0047,百寿者の秘密,田内　久 著
9784785387297,C0043,機密保持と化学,山崎　昶 著
9784785387303,C0043,見せる！魅せる!! 科学の実験,宮田光男 編著
9784785387310,C0047,アレルギーとアトピー,矢田純一 著
9784785387327,C0047,薬用植物へのいざない,糸川秀治 著
9784785387334,C0045,生化学をつくった人々,丸山工作 著
9784785387341,C0043,家の中の化学あれこれ,増井幸夫・谷本幸子 共著
9784785387358,C0043,マグマ科学への招待,谷口宏充 著
9784785387365,C0045,ヒトゲノムの光と影,佐伯洋子 著
9784785387372,C0045,野生イネへの旅,森島啓子 著
9784785387389,C0042,医療最前線で活躍する物理,遠藤真広 著
9784785387396,C0050,光の小さな粒,大津元一 著
9784785387402,C0045,人も環境も藻類から,石川依久子 著
9784785387419,C0045,都市動物の生態をさぐる,唐沢孝一 編
9784785387426,C0047,人工臓器物語,筏　義人 著
9784785387433,C0045,動物たちの気になる行動（１）,上田恵介・佐倉　統 監修
9784785387440,C0045,動物たちの気になる行動（２）,上田恵介・佐倉　統 監修
9784785387457,C0043,スポーツグッズの科学,小山義之 編著
9784785387464,C0043,地球生命を支配する水,小出　力 著
9784785387471,C0050,プロメテウスの贈りもの,相原利雄 著
9784785387488,C0043,化学クラブ活動入門,山本勝博 編著
9784785387495,C0045,発酵食品への招待（新版）,一島英治 著
9784785387501,C0044,銀河もウルトラをめざす,塩谷泰広・谷口義明 共著
9784785387518,C0043,親子で楽しむ 中学校理科室だより,増井幸夫・平野和子 共著
9784785387525,C0043,落語横丁の化学そぞろ歩き,古橋昭子・山崎　昶 共著
9784785387532,C0044,《光世紀世界》の歩き方,石原藤夫 著
9784785387549,C0044,宇宙に暮らす,松本信二 監修
9784785387556,C0047,ＤＮＡ鑑定のはなし,福島弘文 著
9784785387563,C0043,地球の化学像と環境問題,北野　康 著
9784785387570,C0040,きのこアラカルト,福岡久雄 著
9784785387587,C0044,われらの有人宇宙船,松浦晋也 著
9784785387594,C0043,分子膜ってなんだろう,齋藤勝裕 著
9784785387600,C0044,鉱物マニアになろう,秋月瑞彦 著
9784785387617,C0044,最新 宇宙学,粟野諭美・福江　純 共編
9784785387624,C0043,わくわく 子どもかがく実験室,大阪教育大学化学教室 編
9784785387631,C0043,高分子とそのリサイクル,圓藤紀代司 著
9784785387648,C0043,環境ホルモンとダイオキシン,彼谷邦光 著
9784785387655,C0045,〈三内丸山遺跡〉植物の世界,佐藤洋一郎・石川隆二 共著
9784785387662,C0045,植物の観察と実験を楽しむ,松田仁志 著
9784785387679,C0045,〈新〉地球温暖化とその影響,内嶋善兵衛 著
9784785387686,C0045,生命科学者、現代を語る,佐倉・澤口・田沼 共著
9784785387693,C0043,機能性色素のはなし,中澄博行 著
9784785387709,C0043,クッキングに学ぶ化学,増井幸夫・谷本幸子 共著
9784785387716,C0044,ブラックホール天文学入門,嶺重　慎 著
9784785387723,C0055,情報革命の軌跡,水島宜彦 著
9784785387730,C0045,「共生」に学ぶ,山本真紀 著
9784785387747,C0042,複合化の世界,岡本秀穗 著
9784785387754,C0043,わかる！なるほど理科実験,杉山剛英 編著
9784785387761,C0042,量子力学はこうなっている！,久保謙一 著
9784785387778,C0043,環境中の化学物質と健康,青木康展 著
9784785387785,C0044,シネマ天文楽入門,福江　純 著
9784785387792,C0043,日本の化学の開拓者たち,芝　哲夫 著
9784785387808,C0054,エレキテルの魅力,東　　徹 著
9784785387815,C0043,植物染めのサイエンス,増井幸夫・神崎夏子 共著
9784785387822,C0045,バイオ研究の舞台裏,水澤・小原・増井 共著
9784785387839,C0045,人と犬のきずな,田名部雄一　著
9784785387846,C0045,細胞膜のしくみ,八幡義人 著
9784785387853,C0045,バイオインフォマティクス,舘野義男 著
9784785387860,C0045,宇宙環境と生命,佐藤温重 著
9784785387877,C0045,放射線の遺伝影響,安田徳一 著
9784785392031,C7043,高校課程 化学 理論編,長島弘三・目良誠二 共著
9784785392048,C7043,高校課程 化学 物質編,長島弘三・目良誠二 共著
9784785392055,C7042,高校課程 物理 上（全訂版）,原島　鮮 著
9784785392062,C7042,高校課程 物理 下（全訂版）,原島　鮮 著
9784785392079,C7045,高校課程 生物,太田・松本・薄葉 共著
9784785392086,C7041,高校課程 数学Ι,茂木　勇 著
9784785392093,C7041,高校課程 基礎解析,茂木　勇 著
9784785392109,C7041,高校課程 代数・幾何,茂木　勇 著
9784785392116,C7041,高校課程 微分・積分,茂木　勇 著
9784785392123,C7041,高校 数学I 演習と問題,茂木　勇 編
9784785392130,C7043,高校 化学 演習と問題,目良誠二・富田　功 共著
